,,,,,,,,,,,,,
,,,,,,,,,,,,,
"강좌
번호",학점,이론,실습,교과목명,학년,구분,"강의시간
(요일,교시)       ",강의실,"개설
대학","개설
학과","개설
전공및
분반",담당교수,비고
CLTR0001-001,3.00,3,0,국어와 매체언어,*,교양,"월 8B,9A,9B
수 7A,7B,8A",산격동 캠퍼스  인문대학101,인문대학,국어국문학과,,이재섭,
CLTR0044-001,3.00,3,0,철학의이해,1,교양,"월 7A,7B,8A
금 7A,7B,8A",산격동 캠퍼스  인문대학211,인문대학,국어국문학과,,,
CLTR0053-001,3.00,3,0,한국의문학과영화,*,교양,"월 7A,7B,8A
금 7A,7B,8A",산격동 캠퍼스  인문대학308,인문대학,국어국문학과,,,담당교원 미정
CLTR0205-001,3.00,3,0,대학글쓰기,1,교양,"화 2B,3A,3B
목 1A,1B,2A",산격동 캠퍼스  인문대학317,인문대학,국어국문학과,,,
CLTR0462-001,3.00,3,0,팔공산과 대구 문화의 이해,*,교양,"화 1A,1B,2A
목 2B,3A,3B",산격동 캠퍼스  인문대학428,인문대학,국어국문학과,,황명환,
CLTR0501-001,3.00,3,0,한국의 언어와 문학,1,교양,"화 7A,7B,8A
목 7A,7B,8A",산격동 캠퍼스  인문한국진흥관102,인문대학,국어국문학과,,안미애,후반부 담당교원 미정
CLTR0527-001,3.00,3,0,한국문학과 사회,*,교양,"화 5B,6A,6B
목 5B,6A,6B",산격동 캠퍼스  인문대학211,인문대학,국어국문학과,,전계성,
TCHR0465-001,3.00,3,0,국어 논리 및 논술지도,3,교직,"월 7A,7B,8A
월 8B,9A,9B",산격동 캠퍼스  인문대학203,인문대학,국어국문학과,,김덕호,
CLTR0034-001,3.00,3,0,영어 I,1,교양,"화 5B,6A,6B
목 5B,6A,6B",산격동 캠퍼스  인문대학110,인문대학,영어영문학과,,이경미,
CLTR0034-004,3.00,3,0,영어 I,*,교양,"화 1A,1B,2A
목 2B,3A,3B",산격동 캠퍼스  인문한국진흥관101,인문대학,영어영문학과,,강수진,
CLTR0101-001,3.00,3,0,인간과자연,1,교양,"월 2B,3A,3B
수 1A,1B,2A",산격동 캠퍼스  대학원동101,인문대학,영어영문학과,,박충선,
CLTR0815-001,3.00,3,0,인문사회 기초통계,1,교양,"화 8B,9A,9B
목 8B,9A,9B",산격동 캠퍼스  인문대학110,인문대학,영어영문학과,,최현승,
TCHR0623-001,3.00,3,0,영어교육론,3,교직,"화 2B,3A,3B
목 1A,1B,2A",산격동 캠퍼스  대학원동212,인문대학,영어영문학과,,장종득,
CLTR0016-001,3.00,3,0,교양한문,1,교양,"월 7A,7B,8A
금 7A,7B,8A",산격동 캠퍼스  인문한국진흥관102,인문대학,사학과,,이규필,
CLTR0038-001,3.00,3,0,스페인어,*,교양,"수 1A,1B,2A
금 2B,3A,3B",산격동 캠퍼스  인문대학313,인문대학,사학과,,김선웅,
CLTR0040-001,3.00,3,0,스페인어 2,*,교양,"월 1A,1B,2A
수 2B,3A,3B",산격동 캠퍼스  인문대학308,인문대학,사학과,,김선웅,
CLTR0041-001,3.00,3,0,한국사,1,교양,"월 1A,1B,2A
수 2B,3A,3B",산격동 캠퍼스  인문대학211,인문대학,사학과,,이인복,
CLTR0042-001,3.00,3,0,동양의역사와문화,1,교양,"화 1A,1B,2A
목 2B,3A,3B",산격동 캠퍼스  인문한국진흥관202,인문대학,사학과,,최윤정,
CLTR0043-001,3.00,3,0,서양의역사와문화,1,교양,"화 7A,7B,8A
목 7A,7B,8A",산격동 캠퍼스  인문한국진흥관202,인문대학,사학과,,황보영조,
CLTR0043-002,3.00,3,0,서양의역사와문화,*,교양,"월 2B,3A,3B
금 1A,1B,2A",산격동 캠퍼스  인문대학211,인문대학,사학과,,신혜선,
CLTR0083-001,3.00,3,0,경제의이해,1,교양,"화 2B,3A,3B
목 1A,1B,2A",산격동 캠퍼스  경상대학315,인문대학,사학과,,박상우,
CLTR0101-003,3.00,3,0,인간과자연,1,교양,"화 8B,9A,9B
목 8B,9A,9B",산격동 캠퍼스  인문한국진흥관202,인문대학,사학과,,최재우,
CLTR0457-001,3.00,3,0,한국불교문화사,*,교양,"수 8B,9A,9B
금 8B,9A,9B",산격동 캠퍼스  인문한국진흥관202,인문대학,사학과,,이명미,
CLTR0468-001,3.00,3,0,인물로 본 서양사,*,교양,"화 2B,3A,3B
목 1A,1B,2A",산격동 캠퍼스  인문대학101,인문대학,사학과,,최현미,
CLTR0474-001,3.00,3,0,역사로 보는 서양기업과 기업문화,*,교양,"수 1A,1B,2A
금 2B,3A,3B",산격동 캠퍼스  인문한국진흥관202,인문대학,사학과,,김건우,
CLTR0521-001,3.00,3,0,기독교와 인류문명,*,교양,"화 2B,3A,3B
목 1A,1B,2A",산격동 캠퍼스  인문한국진흥관202,인문대학,사학과,,김필영,
CLTR0577-001,3.00,3,0,영남학과 지방학,*,교양,"월 7A,7B,8A
금 7A,7B,8A",산격동 캠퍼스  인문한국진흥관202,인문대학,사학과,,신주엽,
CLTR0581-001,3.00,3,0,한국의 세계문화유산,*,교양,"화 1A,1B,2A
목 2B,3A,3B",산격동 캠퍼스  대학원동316,인문대학,사학과,,김현주,
CLTR0805-001,3.00,3,0,스페인·라틴아메리카의 역사와 문화,*,교양,"화 5B,6A,6B
목 5B,6A,6B",산격동 캠퍼스  인문한국진흥관202,인문대학,사학과,,황보영조,
CLTR0832-001,3.00,3,0,중국의 전통문화와 현대,*,교양,"화 2B,3A,3B
목 1A,1B,2A",산격동 캠퍼스  대학원동316,인문대학,사학과,,윤재석,
TCHR0472-001,3.00,3,0,역사 논리 및 논술지도,3,교직,"금 5B,6A,6B
금 7A,7B,8A",산격동 캠퍼스  대학원동316,인문대학,사학과,,구소영,
CLTR0044-002,3.00,3,0,철학의이해,*,교양,"화 7A,7B,8A
목 7A,7B,8A",산격동 캠퍼스  인문한국진흥관201,인문대학,철학과,,,
CLTR0045-001,3.00,3,0,논리와 비판적 사고,1,교양,"월 5B,6A,6B
금 5B,6A,6B",산격동 캠퍼스  인문대학218,인문대학,철학과,,,
CLTR0094-001,3.00,3,0,문화인류학의이해,4,교양,"월 5B,6A,6B
금 5B,6A,6B",산격동 캠퍼스  인문대학308,인문대학,철학과,,정유진,
CLTR0112-001,3.00,3,0,생활속의통계,2,교양,"화 8B,9A,9B
목 8B,9A,9B",산격동 캠퍼스  인문대학101,인문대학,철학과,,송명언,
CLTR0205-002,3.00,3,0,대학글쓰기,1,교양,"월 7A,7B,8A
금 7A,7B,8A",산격동 캠퍼스  인문대학317,인문대학,철학과,,,
CLTR0508-001,3.00,3,0,인간과 언어,1,교양,"화 1A,1B,2A
목 2B,3A,3B",산격동 캠퍼스  인문대학211,인문대학,철학과,,김정일,
CLTR0514-001,3.00,3,0,논어에서 배우는 삶의 지혜,*,교양,"월 8B,9A,9B
수 7A,7B,8A",산격동 캠퍼스  인문대학211,인문대학,철학과,,임종진,
CLTR0515-001,3.00,3,0,과학기술과 윤리,*,교양,"화 5B,6A,6B
목 5B,6A,6B",산격동 캠퍼스  인문한국진흥관201,인문대학,철학과,,,
CLTR0795-001,3.00,3,0,동양철학과 현대사회,*,교양,"화 8B,9A,9B
목 8B,9A,9B",산격동 캠퍼스  인문한국진흥관201,인문대학,철학과,,,
CLTR0811-001,3.00,2,2,인문사회 코딩기초,2,교양,"금 1A,1B
금 2A,2B
금 3A,3B
금 4A,4B",산격동 캠퍼스  종합정보센터302,인문대학,철학과,,송무희,
CLTR0817-001,3.00,3,0,인문사회 기초물리학 및 화학,1,교양,"화 2B,3A,3B
목 1A,1B,2A",산격동 캠퍼스  인문대학211,인문대학,철학과,,,신규강사 임용예정
TCHR0494-001,3.00,3,0,철학 논리 및 논술지도,3,교직,"금 5B,6A,6B
금 7A,7B,8A",산격동 캠퍼스  인문대학420,인문대학,철학과,,김재철,
CLTR0022-001,3.00,3,0,프랑스어1,1,교양,"화 2B,3A,3B
목 1A,1B,2A",산격동 캠퍼스  대학원동201,인문대학,불어불문학과,,송태미,
CLTR0101-002,3.00,3,0,인간과자연,1,교양,"월 8B,9A,9B
수 7A,7B,8A",산격동 캠퍼스  인문대학110,인문대학,불어불문학과,,박충선,
CLTR0210-001,3.00,3,0,명저읽기와 토론,1,교양,"월 7A,7B,8A
수 5B,6A,6B",산격동 캠퍼스  인문한국진흥관108,인문대학,불어불문학과,,전승화,
CLTR0503-001,3.00,3,0,신화와 상상력,*,교양,"화 8B,9A,9B
목 8B,9A,9B",산격동 캠퍼스  인문대학211,인문대학,불어불문학과,,송홍진,
CLTR0564-001,3.00,3,0,프랑스영화의 이해,*,교양,"화 7A,7B,8A
목 7A,7B,8A",산격동 캠퍼스  인문대학205,인문대학,불어불문학과,,이경의,
CLTR0816-001,3.00,3,0,인문사회 기초생명과학,1,교양,"월 2B,3A,3B
금 1A,1B,2A",산격동 캠퍼스  인문대학101,인문대학,불어불문학과,,,
CLTR0024-002,3.00,3,0,독일어1,*,교양,"화 5B,6A,6B
목 5B,6A,6B",산격동 캠퍼스  인문대학101,인문대학,독어독문학과,,김정철,
CLTR0025-001,3.00,3,0,독일어2,*,교양,"월 1A,1B,2A
수 2B,3A,3B",산격동 캠퍼스  인문한국진흥관109,인문대학,독어독문학과,,안철택,
CLTR0131-001,3.00,3,0,독일문학의 이해,1,교양,"화 7A,7B,8A
목 7A,7B,8A",산격동 캠퍼스  인문대학211,인문대학,독어독문학과,,김정철,
CLTR0131-002,3.00,3,0,독일문학의 이해,*,교양,"화 8B,9A,9B
목 8B,9A,9B",산격동 캠퍼스  인문대학218,인문대학,독어독문학과,,김동조,
CLTR0210-002,3.00,3,0,명저읽기와 토론,1,교양,"월 7A,7B,8A
수 5B,6A,6B",산격동 캠퍼스  인문대학218,인문대학,독어독문학과,,이창남,
CLTR0806-001,3.00,3,0,토론의 준비와 실제,*,교양,"화 1A,1B,2A
목 2B,3A,3B",산격동 캠퍼스  인문한국진흥관107,인문대학,독어독문학과,,안철택,
CLTR0011-001,3.00,3,0,중국어1,1,교양,"월 1A,1B,2A
수 2B,3A,3B",산격동 캠퍼스  인문한국진흥관101,인문대학,중어중문학과,,정보선,
CLTR0011-002,3.00,3,0,중국어1,*,교양,"월 5B,6A,6B
금 5B,6A,6B",산격동 캠퍼스  대학원동202,인문대학,중어중문학과,,전윤희,
CLTR0012-001,3.00,3,0,중국어2,*,교양,"화 5B,6A,6B
목 5B,6A,6B",산격동 캠퍼스  대학원동202,인문대학,중어중문학과,,안찬순,
CLTR0103-001,3.00,3,0,과학사의이해,1,교양,"화 1A,1B,2A
목 2B,3A,3B",산격동 캠퍼스  인문한국진흥관102,인문대학,중어중문학과,,오동원,
CLTR0126-001,3.00,3,0,중국문학의이해,2,교양,"화 8B,9A,9B
목 8B,9A,9B",산격동 캠퍼스  대학원동301,인문대학,중어중문학과,,서주영,
CLTR0126-002,3.00,3,0,중국문학의이해,*,교양,"월 8B,9A,9B
수 7A,7B,8A",산격동 캠퍼스  대학원동202,인문대학,중어중문학과,,김예주,
CLTR0210-003,3.00,3,0,명저읽기와 토론,1,교양,"월 7A,7B,8A
금 7A,7B,8A",산격동 캠퍼스  대학원동202,인문대학,중어중문학과,,이혜정,
CLTR0554-001,3.00,3,0,비즈니스 중국어,3,교양,"수 1A,1B,2A
금 2B,3A,3B",산격동 캠퍼스  대학원동201,인문대학,중어중문학과,,맹유,
CLTR0554-002,3.00,3,0,비즈니스 중국어,*,교양,"화 5B,6A,6B
목 5B,6A,6B",산격동 캠퍼스  대학원동201,인문대학,중어중문학과,,우병국,
TCHR0493-001,3.00,3,0,중국어 논리 및 논술지도,3,교직,"화 5B,6A,6B
목 5B,6A,6B",산격동 캠퍼스  대학원동301,인문대학,중어중문학과,,장태원,
TCHR0522-001,2.00,0,4,학교현장실습,4,교직,,,인문대학,중어중문학과,,김미정,
CLTR0046-001,3.00,3,0,고고학의 이해,*,교양,"화 2B,3A,3B
목 1A,1B,2A",산격동 캠퍼스  인문한국진흥관105,인문대학,고고인류학과,,곽승기,
CLTR0094-002,3.00,3,0,문화인류학의이해,1,교양,"수 1A,1B,2A
금 2B,3A,3B",산격동 캠퍼스  인문대학211,인문대학,고고인류학과,,이준원,
CLTR0108-001,3.00,3,0,생명의신비,1,교양,"월 1A,1B,2A
수 2B,3A,3B",산격동 캠퍼스  인문대학101,인문대학,고고인류학과,,최재신,
CLTR0210-005,3.00,3,0,명저읽기와 토론,1,교양,"월 8B,9A,9B
수 7A,7B,8A",산격동 캠퍼스  대학원동315,인문대학,고고인류학과,,안승택,
CLTR0796-001,3.00,3,0,아시아 도시의 인문 여행,*,교양,"월 5B,6A,6B
금 5B,6A,6B",산격동 캠퍼스  인문대학101,인문대학,고고인류학과,,이시활,
CLTR0032-001,3.00,3,0,일어 I,1,교양,"수 8B,9A,9B
금 8B,9A,9B",산격동 캠퍼스  대학원동302,인문대학,일어일문학과,,이자호,
CLTR0032-002,3.00,3,0,일어 I,*,교양,"화 7A,7B,8A
목 7A,7B,8A",산격동 캠퍼스  인문대학101,인문대학,일어일문학과,,채수도,
CLTR0033-001,3.00,3,0,일어 II,*,교양,"월 8B,9A,9B
수 7A,7B,8A",산격동 캠퍼스  인문대학308,인문대학,일어일문학과,,채수도,
CLTR0128-001,3.00,3,0,일본문학의 이해,2,교양,"화 1A,1B,2A
목 2B,3A,3B",산격동 캠퍼스  인문한국진흥관105,인문대학,일어일문학과,,윤유찬,
CLTR0128-002,3.00,3,0,일본문학의 이해,*,교양,"월 7A,7B,8A
금 7A,7B,8A",산격동 캠퍼스  인문한국진흥관105,인문대학,일어일문학과,,손정아,
CLTR0208-001,3.00,3,0,심화글쓰기,*,교양,"화 1A,1B,2A
목 2B,3A,3B",산격동 캠퍼스  인문대학319,인문대학,일어일문학과,,이준섭,
CLTR0210-006,3.00,3,0,명저읽기와 토론,1,교양,"화 7A,7B,8A
목 7A,7B,8A",산격동 캠퍼스  인문한국진흥관105,인문대학,일어일문학과,,장유리,
CLTR0476-001,3.00,3,0,일본어 스피치와 프리젠테이션,*,교양,"화 8B,9A,9B
목 8B,9A,9B",산격동 캠퍼스  인문대학319,인문대학,일어일문학과,,이승민,
CLTR0583-001,3.00,3,0,일본대중문화의 이해,*,교양,"월 5B,6A,6B
금 5B,6A,6B",산격동 캠퍼스  인문대학211,인문대학,일어일문학과,,이준섭,
TCHR0489-001,3.00,3,0,일본어 논리 및 논술지도,3,교직,"화 5B,6A,6B
목 5B,6A,6B",산격동 캠퍼스  대학원동313,인문대학,일어일문학과,,이현진,
CLTR0016-002,3.00,3,0,교양한문,1,교양,"화 2B,3A,3B
목 1A,1B,2A",산격동 캠퍼스  인문한국진흥관102,인문대학,한문학과,,양승호,
CLTR0016-003,3.00,3,0,교양한문,*,교양,"수 8B,9A,9B
금 8B,9A,9B",산격동 캠퍼스  인문한국진흥관102,인문대학,한문학과,,박정민,
CLTR0017-001,3.00,3,0,실용한자,*,교양,"월 1A,1B,2A
수 2B,3A,3B",산격동 캠퍼스  인문한국진흥관202,인문대학,한문학과,,정병호,
CLTR0101-004,3.00,3,0,인간과자연,2,교양,"화 8B,9A,9B
목 8B,9A,9B",산격동 캠퍼스  인문한국진흥관103,인문대학,한문학과,,조현미,
CLTR0195-001,3.00,2,2,C/C++프로그래밍기초,1,교양,"화 5A,5B
화 6A,6B
화 7A,7B
화 8A,8B",산격동 캠퍼스  종합정보센터302,인문대학,한문학과,,박보석,
CLTR0210-007,3.00,3,0,명저읽기와 토론,1,교양,"월 1A,1B,2A
수 2B,3A,3B",산격동 캠퍼스  인문한국진흥관102,인문대학,한문학과,,강민구,
CLTR0210-008,3.00,3,0,명저읽기와 토론,*,교양,"월 8B,9A,9B
수 7A,7B,8A",산격동 캠퍼스  인문한국진흥관102,인문대학,한문학과,,이규필,
TCHR0630-001,3.00,3,0,한문교육론,3,교직,"화 1A,1B,2A
목 2B,3A,3B",산격동 캠퍼스  인문대학318,인문대학,한문학과,,강민구,
CLTR0036-001,3.00,3,0,러시아어 I,1,교양,"월 2B,3A,3B
금 1A,1B,2A",산격동 캠퍼스  인문한국진흥관104,인문대학,노어노문학과,,정지윤,
CLTR0036-002,3.00,3,0,러시아어 I,*,교양,"화 7A,7B,8A
목 7A,7B,8A",산격동 캠퍼스  인문대학308,인문대학,노어노문학과,,백경희,
CLTR0037-001,3.00,3,0,러시아어 II,*,교양,"월 5B,6A,6B
금 5B,6A,6B",산격동 캠퍼스  인문한국진흥관104,인문대학,노어노문학과,,정지윤,
CLTR0132-001,3.00,3,0,러시아문학의 이해,1,교양,"화 8B,9A,9B
목 8B,9A,9B",산격동 캠퍼스  대학원동203,인문대학,노어노문학과,,서광진,
CLTR0458-001,3.00,3,0,러시아 문화 읽기,*,교양,"화 2B,3A,3B
목 1A,1B,2A",산격동 캠퍼스  인문한국진흥관104,인문대학,노어노문학과,,윤영순,
CLTR0508-002,3.00,3,0,인간과 언어,*,교양,"수 1A,1B,2A
금 2B,3A,3B",산격동 캠퍼스  인문한국진흥관104,인문대학,노어노문학과,,홍선희,
CLTR0613-001,3.00,3,0,동서고전의 만남,*,교양,"월 7A,7B,8A
금 7A,7B,8A",산격동 캠퍼스  인문대학101,인문대학,노어노문학과,,김규종,
CLTR0643-001,3.00,3,0,공연예술의 이해,*,교양,"화 1A,1B,2A
목 2B,3A,3B",산격동 캠퍼스  인문대학101,인문대학,노어노문학과,,한유미,
TCHR0480-001,3.00,3,0,러시아어 논리 및 논술지도,3,교직,"월 7A,7B,8A
수 8B,9A,9B",산격동 캠퍼스  대학원동211,인문대학,노어노문학과,,서광진,
TCHR0591-001,3.00,3,0,러시아어교육론,3,교직,"화 1A,1B,2A
목 2B,3A,3B",산격동 캠퍼스  대학원동211,인문대학,노어노문학과,,이강은,
CLTR0016-004,3.00,3,0,교양한문,1,교양,"화 8B,9A,9B
목 8B,9A,9B",산격동 캠퍼스  사회과학대학152,사회과학대학,정치외교학과,,정지아,
CLTR0041-002,3.00,3,0,한국사,1,교양,"월 7A,7B,8A
금 7A,7B,8A",산격동 캠퍼스  사회과학대학402,사회과학대학,정치외교학과,,홍준석,
CLTR0061-001,3.00,3,0,정치학의 이해,1,교양,"금 2B,3A,3B
금 4A,4B,5A",산격동 캠퍼스  사회과학대학402,사회과학대학,정치외교학과,,엄기홍,
CLTR0101-005,3.00,3,0,인간과자연,1,교양,"화 1A,1B,2A
목 2B,3A,3B",산격동 캠퍼스  사회과학대학151,사회과학대학,정치외교학과,,진원형,
CLTR0375-001,3.00,3,0,대구경북의 이해,*,교양,"금 5B,6A,6B
금 7A,7B,8A",산격동 캠퍼스  사회과학대학152,사회과학대학,정치외교학과,,정희석,
CLTR0588-001,3.00,3,0,중국정치이야기,*,교양,"월 5B,6A,6B
금 5B,6A,6B",산격동 캠퍼스  사회과학대학402,사회과학대학,정치외교학과,,이정태,
CLTR0069-001,3.00,3,0,인간과성,*,교양,"화 7A,7B,8A
목 7A,7B,8A",산격동 캠퍼스  사회과학대학132,사회과학대학,사회학과,,조주은,
CLTR0082-001,3.00,3,0,매스컴과 사회,2,교양,"월 1A,1B,2A
수 2B,3A,3B",산격동 캠퍼스  사회과학대학101,사회과학대학,사회학과,,조성호,
CLTR0103-002,3.00,3,0,과학사의이해,1,교양,"화 2B,3A,3B
목 1A,1B,2A",,사회과학대학,사회학과,,오동원,
CLTR0190-001,3.00,3,0,젠더와 사회,*,교양,"화 2B,3A,3B
목 1A,1B,2A",산격동 캠퍼스  사회과학대학401,사회과학대학,사회학과,,최경화,
CLTR0205-003,3.00,3,0,대학글쓰기,1,교양,"월 5B,6A,6B
금 5B,6A,6B",,사회과학대학,사회학과,,,
CLTR0271-001,3.00,3,0,독서로 세상보기,*,교양,"화 8B,9A,9B
목 8B,9A,9B",산격동 캠퍼스  사회과학대학401,사회과학대학,사회학과,,조주은,
CLTR0373-001,3.00,2,2,빅데이터 기초 실습,1,교양,"목 5A,5B
목 6A,6B
목 7A,7B
목 8A,8B",산격동 캠퍼스  종합정보센터202,사회과학대학,사회학과,,허재두,
CLTR0594-001,3.00,3,0,문화와 일상,*,교양,"수 8B,9A,9B
수 10A,10B,11A",산격동 캠퍼스  사회과학대학451,사회과학대학,사회학과,,천선영,
CLTR0682-001,3.00,3,0,대중음악과 사회,*,교양,"월 5B,6A,6B
금 5B,6A,6B",산격동 캠퍼스  사회과학대학401,사회과학대학,사회학과,,정은경,
CLTR0815-002,3.00,3,0,인문사회 기초통계,1,교양,"화 1A,1B,2A
목 2B,3A,3B",,사회과학대학,사회학과,,오지은,
CLTR0840-001,3.00,3,0,사회학적 상상력과 현대 사회,1,교양,"수 8B,9A,9B
금 8B,9A,9B",산격동 캠퍼스  사회과학대학401,사회과학대학,사회학과,,,
CLTR0840-002,3.00,3,0,사회학적 상상력과 현대 사회,*,교양,"화 7A,7B,8A
목 7A,7B,8A",산격동 캠퍼스  사회과학대학401,사회과학대학,사회학과,,정은경,
TCHR0522-002,2.00,0,4,학교현장실습,4,교직,,,사회과학대학,사회학과,,김연식,
CLTR0045-002,3.00,3,0,논리와 비판적 사고,1,교양,"월 2B,3A,3B
금 1A,1B,2A",산격동 캠퍼스  사회과학대학352,사회과학대학,지리학과,,,
CLTR0073-001,3.00,3,0,현대사회와 윤리,1,교양,"화 2B,3A,3B
목 1A,1B,2A",산격동 캠퍼스  사회과학대학452,사회과학대학,지리학과,,지현아,
CLTR0101-006,3.00,3,0,인간과자연,*,교양,"화 5B,6A,6B
목 5B,6A,6B",산격동 캠퍼스  사회과학대학452,사회과학대학,지리학과,,조현미,
CLTR0205-004,3.00,3,0,대학글쓰기,1,교양,"월 1A,1B,2A
수 2B,3A,3B",산격동 캠퍼스  사회과학대학552,사회과학대학,지리학과,,,
CLTR0531-001,3.00,3,0,현대지리학의 이해,1,교양,"화 7A,7B,8A
목 7A,7B,8A",산격동 캠퍼스  사회과학대학452,사회과학대학,지리학과,,전병운,
CLTR0531-002,3.00,3,0,현대지리학의 이해,*,교양,"수 1A,1B,2A
금 2B,3A,3B",산격동 캠퍼스  사회과학대학552,사회과학대학,지리학과,,유하나,
TCHR0522-003,2.00,0,4,학교현장실습,4,교직,,,사회과학대학,지리학과,,김연식,
CLTR0811-002,3.00,2,2,인문사회 코딩기초,1,교양,"화 5A,5B
화 6A,6B
화 7A,7B
화 8A,8B",산격동 캠퍼스  종합정보센터304,사회과학대학,문헌정보학과,,송무희,
CLTR0815-003,3.00,3,0,인문사회 기초통계,1,교양,"월 5B,6A,6B
금 5B,6A,6B",산격동 캠퍼스  사회과학대학132,사회과학대학,문헌정보학과,,,신규 강사 담당 예정
CLTR0078-001,3.00,3,0,심리학의이해,*,교양,"수 8B,9A,9B
금 8B,9A,9B",산격동 캠퍼스  사회과학대학132,사회과학대학,심리학과,,김장진,
CLTR0205-005,3.00,3,0,대학글쓰기,1,교양,"화 1A,1B,2A
목 2B,3A,3B",산격동 캠퍼스  사회과학대학103,사회과학대학,심리학과,,,
CLTR0508-003,3.00,3,0,인간과 언어,1,교양,"화 7A,7B,8A
목 7A,7B,8A",산격동 캠퍼스  사회과학대학352,사회과학대학,심리학과,,길윤미,
CLTR0816-002,3.00,3,0,인문사회 기초생명과학,1,교양,"수 8B,9A,9B
금 8B,9A,9B",산격동 캠퍼스  사회과학대학352,사회과학대학,심리학과,,이윤호,
CLTR0058-001,3.00,2,2,자원봉사활동,*,교양,"수 5A,5B
수 6A,6B
토 5A,5B
토 6A,6B",산격동 캠퍼스  사회과학대학251,사회과학대학,사회복지학부,,이경은,
CLTR0058-002,3.00,2,2,자원봉사활동,*,교양,"월 5A,5B
월 6A,6B
토 5A,5B
토 6A,6B",산격동 캠퍼스  사회과학대학352,사회과학대학,사회복지학부,,김유진,
CLTR0107-001,3.00,3,0,자연과환경,1,교양,"화 8B,9A,9B
목 8B,9A,9B",산격동 캠퍼스  화학관120,사회과학대학,사회복지학부,,김성환,
CLTR0210-009,3.00,3,0,명저읽기와 토론,1,교양,"화 7A,7B,8A
목 7A,7B,8A",산격동 캠퍼스  사회과학대학201,사회과학대학,사회복지학부,,김환준,
CLTR0210-010,3.00,3,0,명저읽기와 토론,1,교양,"화 7A,7B,8A
목 7A,7B,8A",산격동 캠퍼스  사회과학대학251,사회과학대학,사회복지학부,,성희자,
CLTR0518-001,3.00,3,0,아름다움이란 무엇인가,1,교양,"월 1A,1B,2A
수 2B,3A,3B",산격동 캠퍼스  사회과학대학132,사회과학대학,사회복지학부,,박미정,
CLTR0815-004,3.00,3,0,인문사회 기초통계,1,교양,"월 5B,6A,6B
금 5B,6A,6B",산격동 캠퍼스  사회과학대학251,사회과학대학,사회복지학부,,,신규 강사 담당 예정
CLTR0082-002,3.00,3,0,매스컴과 사회,*,교양,"화 5B,6A,6B
목 5B,6A,6B",산격동 캠퍼스  사회과학대학101,사회과학대학,미디어커뮤니케이션학과,,조철래,
CLTR0205-006,3.00,3,0,대학글쓰기,1,교양,"수 8B,9A,9B
금 8B,9A,9B",산격동 캠퍼스  사회과학대학202,사회과학대학,미디어커뮤니케이션학과,,,
CLTR0515-002,3.00,3,0,과학기술과 윤리,1,교양,"월 1A,1B,2A
수 2B,3A,3B",산격동 캠퍼스  사회과학대학151,사회과학대학,미디어커뮤니케이션학과,,,
CLTR0212-001,3.00,3,0,수학 II,*,교양,"화 2B,3A,3B
목 1A,1B,2A",산격동 캠퍼스  자연과학대학318,자연과학대학,수학과,,문성환,
CLTR0213-001,3.00,3,0,물리학 I,1,교양,"월 1A,1B,2A
수 2B,3A,3B",산격동 캠퍼스  제2과학관302,자연과학대학,수학과,,김찬,
CLTR0221-001,3.00,3,0,통계학,1,교양,"화 7A,7B,8A
목 7A,7B,8A",산격동 캠퍼스  자연과학대학B05,자연과학대학,수학과,,조길호,
CLTR0223-001,1.00,0,2,물리학실험 I,1,교양,"월 7A,7B
월 8A,8B",산격동 캠퍼스  미래융합과학관(물리생명공학관)B102,자연과학대학,수학과,,,신임교원 강의담당 예정
CLTR0242-001,3.00,3,0,인문사회수학,*,교양,"화 1A,1B,2A
목 2B,3A,3B",산격동 캠퍼스  자연과학대학B05,자연과학대학,수학과,,,
CLTR0819-001,3.00,3,0,기초수학2,1,교양,"수 1A,1B,2A
금 2B,3A,3B",산격동 캠퍼스  자연과학대학219,자연과학대학,수학과,,,
CLTR0205-008,3.00,3,0,대학글쓰기,1,교양,"월 2B,3A,3B
금 1A,1B,2A",산격동 캠퍼스  자연과학대학B05,자연과학대학,물리학과,,,
CLTR0205-009,3.00,3,0,대학글쓰기,1,교양,"월 2B,3A,3B
금 1A,1B,2A",산격동 캠퍼스  제4합동강의동408,자연과학대학,물리학과,,,
CLTR0211-004,3.00,3,0,수학 I,1,교양,"화 5B,6A,6B
목 5B,6A,6B",산격동 캠퍼스  KNU글로벌프라자501,자연과학대학,물리학과,,,
CLTR0213-003,3.00,3,0,물리학 I,1,교양,"수 8B,9A,9B
금 8B,9A,9B",산격동 캠퍼스  제1과학관120,자연과학대학,물리학과,,이세욱,
CLTR0215-003,3.00,3,0,화학 I,1,교양,"월 7A,7B,8A
금 7A,7B,8A",산격동 캠퍼스  제2과학관302,자연과학대학,물리학과,,조장훈,
CLTR0223-002,1.00,0,2,물리학실험 I,1,교양,"화 7A,7B
화 8A,8B",산격동 캠퍼스  미래융합과학관(물리생명공학관)B102,자연과학대학,물리학과,,김봉재,
CLTR0223-003,1.00,0,2,물리학실험 I,1,교양,"화 7A,7B
화 8A,8B",산격동 캠퍼스  미래융합과학관(물리생명공학관)B103,자연과학대학,물리학과,,,신임교원 강의담당 예정
CLTR0223-004,1.00,0,2,물리학실험 I,1,교양,"화 7A,7B
화 8A,8B",산격동 캠퍼스  제1과학관B01-2,자연과학대학,물리학과,,팽진섭,
CLTR0107-002,3.00,3,0,자연과환경,1,교양,"월 2B,3A,3B
금 1A,1B,2A",산격동 캠퍼스  화학관120,자연과학대학,화학과,,정성화,
CLTR0211-002,3.00,3,0,수학 I,1,교양,"월 8B,9A,9B
수 7A,7B,8A",산격동 캠퍼스  미래융합과학관(물리생명공학관)B119,자연과학대학,화학과,,,
CLTR0213-002,3.00,3,0,물리학 I,1,교양,"화 7A,7B,8A
목 7A,7B,8A",산격동 캠퍼스  미래융합과학관(물리생명공학관)B119,자연과학대학,화학과,,양유철,
CLTR0215-001,3.00,3,0,화학 I,1,교양,"월 7A,7B,8A
금 7A,7B,8A",산격동 캠퍼스  화학관120,자연과학대학,화학과,,이혜진,
CLTR0216-001,3.00,3,0,화학 II,*,교양,"수 1A,1B,2A
금 2B,3A,3B",산격동 캠퍼스  화학관120,자연과학대학,화학과,,이혜진,
CLTR0226-001,1.00,0,2,화학실험 I,1,교양,"화 1A,1B
화 2A,2B",산격동 캠퍼스  화학관119,자연과학대학,화학과,,이혜진,
CLTR0226-002,1.00,0,2,화학실험 I,1,교양,"화 1A,1B
화 2A,2B",산격동 캠퍼스  화학관118,자연과학대학,화학과,,이홍인,
CLTR0822-001,3.00,3,0,화학입문,1,교양,"화 5B,6A,6B
목 5B,6A,6B",산격동 캠퍼스  화학관120,자연과학대학,화학과,,김창민,
CLTR0045-003,3.00,3,0,논리와 비판적 사고,1,교양,"월 2B,3A,3B
금 1A,1B,2A",산격동 캠퍼스  미래융합과학관(물리생명공학관)B119,자연과학대학,통계학과,,,
CLTR0195-002,3.00,2,2,C/C++프로그래밍기초,2,교양,"월 2A,2B
월 3A,3B
수 2A,2B
수 3A,3B",산격동 캠퍼스  종합정보센터302,자연과학대학,통계학과,,하숙정,
CLTR0211-003,3.00,3,0,수학 I,1,교양,"화 5B,6A,6B
목 5B,6A,6B",산격동 캠퍼스  제2과학관302,자연과학대학,통계학과,,임정욱,
CLTR0221-002,3.00,3,0,통계학,1,교양,"월 7A,7B,8A
금 7A,7B,8A",산격동 캠퍼스  자연과학대학B05,자연과학대학,통계학과,,고규형,
CLTR0221-003,3.00,3,0,통계학,*,교양,"월 8B,9A,9B
수 7A,7B,8A",산격동 캠퍼스  자연과학대학B05,자연과학대학,통계학과,,이주희,
CLTR0543-001,1.00,0,2,엑셀통계실험,1,교양,"수 5A,5B
수 6A,6B",산격동 캠퍼스  제2과학관401,자연과학대학,통계학과,,송명언,
CLTR0543-002,1.00,0,2,엑셀통계실험,*,교양,"월 5A,5B
월 6A,6B",산격동 캠퍼스  제2과학관401,자연과학대학,통계학과,,진영미,
CLTR0812-001,3.00,2,2,자연과학 코딩기초,1,교양,"화 1A,1B
화 2A,2B
화 3A,3B
화 4A,4B",산격동 캠퍼스  종합정보센터302,자연과학대학,통계학과,,류춘하,
CLTR0840-003,3.00,3,0,사회학적 상상력과 현대 사회,3,교양,"수 1A,1B,2A
금 2B,3A,3B",산격동 캠퍼스  생물학관B04,자연과학대학,통계학과,,이준엽,
CLTR0041-003,3.00,3,0,한국사,1,교양,"수 1A,1B,2A
금 2B,3A,3B",산격동 캠퍼스  제2과학관302,자연과학대학,지구시스템과학부,,이인복,
CLTR0041-004,3.00,3,0,한국사,1,교양,"수 1A,1B,2A
금 2B,3A,3B",산격동 캠퍼스  미래융합과학관(물리생명공학관)B119,자연과학대학,지구시스템과학부,,임지원,
CLTR0112-002,3.00,3,0,생활속의통계,3,교양,"화 1A,1B,2A
목 2B,3A,3B",산격동 캠퍼스  제2과학관302,자연과학대학,지구시스템과학부,해양학전공,윤연옥,
CLTR0205-010,3.00,3,0,대학글쓰기,1,교양,"화 8B,9A,9B
목 8B,9A,9B",산격동 캠퍼스  제4합동강의동408,자연과학대학,지구시스템과학부,,,
CLTR0205-011,3.00,3,0,대학글쓰기,1,교양,"화 8B,9A,9B
목 8B,9A,9B",산격동 캠퍼스  제2과학관302,자연과학대학,지구시스템과학부,,,
CLTR0205-012,3.00,3,0,대학글쓰기,1,교양,"화 8B,9A,9B
목 8B,9A,9B",산격동 캠퍼스  제4합동강의동407,자연과학대학,지구시스템과학부,,,
CLTR0211-007,3.00,3,0,수학 I,1,교양,"화 7A,7B,8A
목 7A,7B,8A",산격동 캠퍼스  제2과학관302,자연과학대학,지구시스템과학부,,박종육,
CLTR0211-008,3.00,3,0,수학 I,1,교양,"화 7A,7B,8A
목 7A,7B,8A",산격동 캠퍼스  생물학관B04,자연과학대학,지구시스템과학부,,,
CLTR0213-004,3.00,3,0,물리학 I,1,교양,"수 8B,9A,9B
금 8B,9A,9B",산격동 캠퍼스  생물학관B04,자연과학대학,지구시스템과학부,,양기원,
CLTR0213-005,3.00,3,0,물리학 I,1,교양,"수 8B,9A,9B
금 8B,9A,9B",산격동 캠퍼스  자연과학대학B05,자연과학대학,지구시스템과학부,,박종구,
CLTR0215-004,3.00,3,0,화학 I,1,교양,"화 5B,6A,6B
목 5B,6A,6B",산격동 캠퍼스  화학관114,자연과학대학,지구시스템과학부,,이효선,
CLTR0215-005,3.00,3,0,화학 I,1,교양,"화 5B,6A,6B
목 5B,6A,6B",산격동 캠퍼스  자연과학대학B05,자연과학대학,지구시스템과학부,,김동일,
CLTR0247-001,3.00,3,0,일반생명과학Ⅱ,2,교양,"월 7A,7B,8A
금 7A,7B,8A",산격동 캠퍼스  생물학관B04,자연과학대학,지구시스템과학부,해양학전공,신선영,
CLTR0460-001,3.00,3,0,우주와 생명,*,교양,"화 1A,1B,2A
목 2B,3A,3B",산격동 캠퍼스  미래융합과학관(물리생명공학관)B119,자연과학대학,지구시스템과학부,천문대기과학전공,김민진,
CLTR0544-001,3.00,3,0,지구시스템의 이해,*,교양,"화 5B,6A,6B
목 5B,6A,6B",산격동 캠퍼스  미래융합과학관(물리생명공학관)B119,자연과학대학,지구시스템과학부,지질학전공,김용식,
CLTR0820-001,3.00,3,0,기초수학1,1,교양,"월 1A,1B,2A
수 2B,3A,3B",산격동 캠퍼스  자연과학대학B05,자연과학대학,지구시스템과학부,,,
TCHR0639-001,3.00,3,0,지구과학교육론,3,교직,"목 7A,7B,8A
목 8B,9A,9B",산격동 캠퍼스  제2과학관301,자연과학대학,지구시스템과학부,지질학전공,장윤득,
CLTR0210-011,3.00,3,0,명저읽기와 토론,1,교양,"화 7A,7B,8A
목 7A,7B,8A",산격동 캠퍼스  미래융합과학관(물리생명공학관)104,자연과학대학,생명공학부,,김사현,
CLTR0210-012,3.00,3,0,명저읽기와 토론,1,교양,"화 7A,7B,8A
목 7A,7B,8A",산격동 캠퍼스  미래융합과학관(물리생명공학관)103,자연과학대학,생명공학부,,이원하,
CLTR0210-013,3.00,3,0,명저읽기와 토론,1,교양,"화 7A,7B,8A
목 7A,7B,8A",산격동 캠퍼스  미래융합과학관(물리생명공학관)105,자연과학대학,생명공학부,,이준영,
CLTR0210-014,3.00,3,0,명저읽기와 토론,*,교양,"화 5B,6A,6B
목 5B,6A,6B",산격동 캠퍼스  미래융합과학관(물리생명공학관)318,자연과학대학,생명공학부,,이동석,
CLTR0211-005,3.00,3,0,수학 I,1,교양,"화 1A,1B,2A
목 2B,3A,3B",산격동 캠퍼스  제4합동강의동407,자연과학대학,생명공학부,,,
CLTR0211-006,3.00,3,0,수학 I,1,교양,"화 1A,1B,2A
목 2B,3A,3B",산격동 캠퍼스  생물학관B04,자연과학대학,생명공학부,,,
CLTR0226-005,1.00,0,2,화학실험 I,1,교양,"수 1A,1B
수 2A,2B",산격동 캠퍼스  화학관118,자연과학대학,생명공학부,,이효선,
CLTR0226-006,1.00,0,2,화학실험 I,1,교양,"수 1A,1B
수 2A,2B",산격동 캠퍼스  화학관119,자연과학대학,생명공학부,,이강호,
CLTR0226-007,1.00,0,2,화학실험 I,1,교양,"금 1A,1B
금 2A,2B",산격동 캠퍼스  화학관118,자연과학대학,생명공학부,,이효선,
CLTR0226-008,1.00,0,2,화학실험 I,1,교양,"금 1A,1B
금 2A,2B",산격동 캠퍼스  화학관119,자연과학대학,생명공학부,,임종민,
CLTR0538-002,3.00,3,0,시사생명과학,*,교양,"월 1A,1B,2A
수 2B,3A,3B",산격동 캠퍼스  미래융합과학관(물리생명공학관)B119,자연과학대학,생명공학부,,,
CLTR0585-001,3.00,3,0,과학과 문화,*,교양,"화 2B,3A,3B
목 1A,1B,2A",산격동 캠퍼스  제2과학관302,자연과학대학,생명공학부,,,
CLTR0821-001,3.00,3,0,물리학입문,1,교양,"화 2B,3A,3B
목 1A,1B,2A",산격동 캠퍼스  미래융합과학관(물리생명공학관)B119,자연과학대학,생명공학부,,조연정,
CLTR0821-002,3.00,3,0,물리학입문,1,교양,"화 2B,3A,3B
목 1A,1B,2A",산격동 캠퍼스  제1과학관120,자연과학대학,생명공학부,,양기원,
CLTR0108-002,3.00,3,0,생명의신비,*,교양,"월 7A,7B,8A
금 7A,7B,8A",산격동 캠퍼스  미래융합과학관(물리생명공학관)B119,자연과학대학,생물학과,,유정아,
CLTR0205-007,3.00,3,0,대학글쓰기,1,교양,"화 8B,9A,9B
목 8B,9A,9B",산격동 캠퍼스  자연과학대학B05,자연과학대학,생물학과,,,
CLTR0215-002,3.00,3,0,화학 I,1,교양,"월 2B,3A,3B
금 1A,1B,2A",산격동 캠퍼스  화학관114,자연과학대학,생물학과,,이강호,
CLTR0226-003,1.00,0,2,화학실험 I,1,교양,"월 5A,5B
월 6A,6B",산격동 캠퍼스  화학관118,자연과학대학,생물학과,,이홍인,
CLTR0226-004,1.00,0,2,화학실험 I,1,교양,"월 5A,5B
월 6A,6B",산격동 캠퍼스  화학관119,자연과학대학,생물학과,,조대흠,
CLTR0233-001,1.00,0,2,생물학실험 I,1,교양,"화 5A,5B
화 6A,6B",산격동 캠퍼스  생물학관202,자연과학대학,생물학과,,이영미,
CLTR0233-002,1.00,0,2,생물학실험 I,1,교양,"목 5A,5B
목 6A,6B",산격동 캠퍼스  생물학관202,자연과학대학,생물학과,,이영미,
CLTR0246-001,3.00,3,0,일반생명과학Ⅰ,1,교양,"화 1A,1B,2A
목 2B,3A,3B",산격동 캠퍼스  생물학관B01,자연과학대학,생물학과,,김은정,
CLTR0041-005,3.00,3,0,한국사,1,교양,"화 5B,6A,6B
목 5B,6A,6B",산격동 캠퍼스  제4합동강의동306,경상대학,경제통상학부,A,김명자,
CLTR0041-006,3.00,3,0,한국사,1,교양,"화 5B,6A,6B
목 5B,6A,6B",산격동 캠퍼스  제4합동강의동404,경상대학,경제통상학부,B,윤정원,
CLTR0205-013,3.00,3,0,대학글쓰기,1,교양,"월 8B,9A,9B
수 7A,7B,8A",산격동 캠퍼스  국제경상관(경상정보교육관)301,경상대학,경제통상학부,B,,
CLTR0205-014,3.00,3,0,대학글쓰기,1,교양,"월 8B,9A,9B
수 7A,7B,8A",산격동 캠퍼스  국제경상관(경상정보교육관)101,경상대학,경제통상학부,C,,
CLTR0205-015,3.00,3,0,대학글쓰기,1,교양,"월 8B,9A,9B
수 7A,7B,8A",산격동 캠퍼스  경상대학303,경상대학,경제통상학부,A,,
CLTR0205-016,3.00,3,0,대학글쓰기,1,교양,"월 8B,9A,9B
수 7A,7B,8A",산격동 캠퍼스  경상대학309,경상대학,경제통상학부,B,,
CLTR0205-017,3.00,3,0,대학글쓰기,1,교양,"월 8B,9A,9B
수 7A,7B,8A",산격동 캠퍼스  경상대학128,경상대학,경제통상학부,C,,
CLTR0242-002,3.00,3,0,인문사회수학,1,교양,"월 2B,3A,3B
금 1A,1B,2A",산격동 캠퍼스  제4합동강의동306,경상대학,경제통상학부,A,,
CLTR0242-003,3.00,3,0,인문사회수학,1,교양,"월 2B,3A,3B
금 1A,1B,2A",산격동 캠퍼스  제4합동강의동404,경상대학,경제통상학부,B,,
TCHR0522-004,2.00,0,4,학교현장실습,4,교직,,,경상대학,경제통상학부,,박경로,
CLTR0045-004,3.00,3,0,논리와 비판적 사고,1,교양,"월 7A,7B,8A
금 7A,7B,8A",산격동 캠퍼스  제4합동강의동202,경상대학,경영학부,A,,
CLTR0045-005,3.00,3,0,논리와 비판적 사고,1,교양,"월 7A,7B,8A
금 7A,7B,8A",산격동 캠퍼스  제4합동강의동307,경상대학,경영학부,B,,
CLTR0045-006,3.00,3,0,논리와 비판적 사고,1,교양,"월 7A,7B,8A
금 7A,7B,8A",산격동 캠퍼스  경상대학124,경상대학,경영학부,C,,
CLTR0083-002,3.00,3,0,경제의이해,1,교양,"수 1A,1B,2A
금 2B,3A,3B",산격동 캠퍼스  제4합동강의동202,경상대학,경영학부,A,김영용,
CLTR0083-003,3.00,3,0,경제의이해,1,교양,"수 1A,1B,2A
금 2B,3A,3B",산격동 캠퍼스  제4합동강의동307,경상대학,경영학부,B,김성민,
CLTR0083-004,3.00,3,0,경제의이해,1,교양,"수 1A,1B,2A
금 2B,3A,3B",산격동 캠퍼스  경상대학124,경상대학,경영학부,C,이근기,
CLTR0085-001,3.00,3,0,경영의이해,1,교양,"화 1A,1B,2A
목 2B,3A,3B",산격동 캠퍼스  경상대학124,경상대학,경영학부,A,손창용,
CLTR0085-002,3.00,3,0,경영의이해,1,교양,"화 1A,1B,2A
목 2B,3A,3B",산격동 캠퍼스  제4합동강의동202,경상대학,경영학부,B,전성희,
CLTR0085-003,3.00,3,0,경영의이해,1,교양,"화 1A,1B,2A
목 2B,3A,3B",산격동 캠퍼스  제4합동강의동307,경상대학,경영학부,C,박찬권,
CLTR0089-001,3.00,3,0,회계와사회생활,1,교양,"월 8B,9A,9B
수 7A,7B,8A",산격동 캠퍼스  경상대학124,경상대학,경영학부,A,권순창,
CLTR0089-002,3.00,3,0,회계와사회생활,1,교양,"월 8B,9A,9B
수 7A,7B,8A",산격동 캠퍼스  제4합동강의동307,경상대학,경영학부,B,이기세,
CLTR0089-003,3.00,3,0,회계와사회생활,1,교양,"화 5B,6A,6B
목 5B,6A,6B",산격동 캠퍼스  제4합동강의동202,경상대학,경영학부,C,이기세,
CLTR0210-015,3.00,3,0,명저읽기와 토론,*,교양,"화 2B,3A,3B
목 1A,1B,2A",산격동 캠퍼스  경상대학215,경상대학,경영학부,,문계완,
FUTR0202-001,3.00,3,0,청년의삶과꿈,*,일반선택,"수 7A,7B
수 8A,8B
수 9A,9B",,경상대학,경상대학,,이순희,
CLTR0045-008,3.00,3,0,논리와 비판적 사고,2,교양,"화 7A,7B,8A
목 7A,7B,8A",산격동 캠퍼스  공대8호관109,공과대학,신소재공학부,전자재료공학전공,,
CLTR0221-006,3.00,3,0,통계학,2,교양,"화 8B,9A,9B
목 8B,9A,9B",산격동 캠퍼스  공대8호관109,공과대학,신소재공학부,전자재료공학전공,조길호,
CLTR0195-003,3.00,2,2,C/C++프로그래밍기초,1,교양,"금 5A,5B
금 6A,6B
금 7A,7B
금 8A,8B",산격동 캠퍼스  종합정보센터201,공과대학,기계공학부,A,이정아,
CLTR0195-004,3.00,2,2,C/C++프로그래밍기초,1,교양,"금 5A,5B
금 6A,6B
금 7A,7B
금 8A,8B",산격동 캠퍼스  종합정보센터202,공과대학,기계공학부,B,송유진,
CLTR0195-005,3.00,2,2,C/C++프로그래밍기초,1,교양,"금 5A,5B
금 6A,6B
금 7A,7B
금 8A,8B",산격동 캠퍼스  종합정보센터302,공과대학,기계공학부,C,하숙정,
CLTR0195-006,3.00,2,2,C/C++프로그래밍기초,1,교양,"금 5A,5B
금 6A,6B
금 7A,7B
금 8A,8B",,공과대학,기계공학부,C,박보석,
CLTR0211-009,3.00,3,0,수학 I,1,교양,"화 7A,7B,8A
목 7A,7B,8A",산격동 캠퍼스  공대6호관107,공과대학,기계공학부,A,,
CLTR0211-010,3.00,3,0,수학 I,1,교양,"화 7A,7B,8A
목 7A,7B,8A",산격동 캠퍼스  공대3호관314,공과대학,기계공학부,B,,
CLTR0211-011,3.00,3,0,수학 I,1,교양,"화 7A,7B,8A
목 7A,7B,8A",산격동 캠퍼스  공대6호관316,공과대학,기계공학부,C,,
CLTR0213-008,3.00,3,0,물리학 I,1,교양,"화 8B,9A,9B
목 8B,9A,9B",산격동 캠퍼스  공대6호관316,공과대학,기계공학부,C,김도형,
CLTR0223-005,1.00,0,2,물리학실험 I,1,교양,"월 5A,5B
월 6A,6B",산격동 캠퍼스  제1과학관B01-2,공과대학,기계공학부,A,김찬,
CLTR0223-006,1.00,0,2,물리학실험 I,1,교양,"월 5A,5B
월 6A,6B",산격동 캠퍼스  미래융합과학관(물리생명공학관)B102,공과대학,기계공학부,A,김홍탁,
CLTR0223-007,1.00,0,2,물리학실험 I,1,교양,"월 5A,5B
월 6A,6B",산격동 캠퍼스  미래융합과학관(물리생명공학관)B103,공과대학,기계공학부,A,양기원,
CLTR0223-008,1.00,0,2,물리학실험 I,1,교양,"화 5A,5B
화 6A,6B",산격동 캠퍼스  제1과학관B01-2,공과대학,기계공학부,B,팽진섭,
CLTR0223-009,1.00,0,2,물리학실험 I,1,교양,"화 5A,5B
화 6A,6B",산격동 캠퍼스  미래융합과학관(물리생명공학관)B102,공과대학,기계공학부,B,김봉재,
CLTR0223-010,1.00,0,2,물리학실험 I,1,교양,"화 5A,5B
화 6A,6B",산격동 캠퍼스  미래융합과학관(물리생명공학관)B103,공과대학,기계공학부,B,양기원,
CLTR0223-011,1.00,0,2,물리학실험 I,1,교양,"목 5A,5B
목 6A,6B",산격동 캠퍼스  제1과학관B01-2,공과대학,기계공학부,C,팽진섭,
CLTR0223-012,1.00,0,2,물리학실험 I,1,교양,"목 5A,5B
목 6A,6B",산격동 캠퍼스  미래융합과학관(물리생명공학관)B103,공과대학,기계공학부,C,김봉재,
CLTR0411-001,2.00,2,0,실용영어1,1,교양,"월 3A,3B
금 1A,1B",산격동 캠퍼스  외국어교육관404,공과대학,기계공학부,A,워커 퀸,
CLTR0411-002,2.00,2,0,실용영어1,1,교양,"월 3A,3B
금 1A,1B",산격동 캠퍼스  외국어교육관421,공과대학,기계공학부,A,"드니아,토비",
CLTR0411-003,2.00,2,0,실용영어1,1,교양,"월 3A,3B
금 1A,1B",산격동 캠퍼스  외국어교육관402,공과대학,기계공학부,A,"빌즈, 그라함 해롤드",
CLTR0411-004,2.00,2,0,실용영어1,1,교양,"월 3A,3B
금 1A,1B",산격동 캠퍼스  외국어교육관419,공과대학,기계공학부,B,"위드로우, 애덤 크리스토퍼",
CLTR0411-005,2.00,2,0,실용영어1,1,교양,"월 3A,3B
금 1A,1B",산격동 캠퍼스  외국어교육관425,공과대학,기계공학부,B,"피어슨, 브랜든",
CLTR0411-006,2.00,2,0,실용영어1,1,교양,"월 3A,3B
금 1A,1B",산격동 캠퍼스  외국어교육관423,공과대학,기계공학부,C,"하이랜드,크리스",
CLTR0411-007,2.00,2,0,실용영어1,1,교양,"월 3A,3B
금 1A,1B",산격동 캠퍼스  외국어교육관406,공과대학,기계공학부,C,"쿡,콜린 제임스",
CLTR0822-002,3.00,3,0,화학입문,1,교양,"월 8B,9A,9B
수 7A,7B,8A",산격동 캠퍼스  화학관120,공과대학,기계공학부,A,이홍인,
CLTR0822-003,3.00,3,0,화학입문,1,교양,"월 8B,9A,9B
수 7A,7B,8A",산격동 캠퍼스  화학관217,공과대학,기계공학부,B,조대흠,
CLTR0822-004,3.00,3,0,화학입문,1,교양,"월 8B,9A,9B
수 7A,7B,8A",산격동 캠퍼스  화학관114,공과대학,기계공학부,C,이효선,
TCHR0440-001,3.00,3,0,공업 논리 및 논술지도,3,교직,"화 10A,10B
화 11A,11B
화 12A,12B",산격동 캠퍼스  공대6호관107,공과대학,기계공학부,A,이용주,
CLTR0210-016,3.00,3,0,명저읽기와 토론,1,교양,"월 2B,3A,3B
수 1A,1B,2A",산격동 캠퍼스  공대2호관402,공과대학,토목공학과,,문준식,
CLTR0210-017,3.00,3,0,명저읽기와 토론,1,교양,"월 2B,3A,3B
수 1A,1B,2A",산격동 캠퍼스  공대2호관408,공과대학,토목공학과,,서수영,
CLTR0211-016,3.00,3,0,수학 I,1,교양,"화 2B,3A,3B
목 1A,1B,2A",산격동 캠퍼스  공대2호관402,공과대학,토목공학과,,,
CLTR0213-013,3.00,3,0,물리학 I,1,교양,"화 1A,1B,2A
목 2B,3A,3B",산격동 캠퍼스  공대2호관402,공과대학,토목공학과,,우경성,
CLTR0223-013,1.00,0,2,물리학실험 I,1,교양,"월 7A,7B
월 8A,8B",산격동 캠퍼스  미래융합과학관(물리생명공학관)B103,공과대학,토목공학과,,김찬,
CLTR0223-014,1.00,0,2,물리학실험 I,1,교양,"월 7A,7B
월 8A,8B",산격동 캠퍼스  제1과학관B01-2,공과대학,토목공학과,,김홍탁,
CLTR0223-015,1.00,0,2,물리학실험 I,1,교양,"수 7A,7B
수 8A,8B",산격동 캠퍼스  미래융합과학관(물리생명공학관)B102,공과대학,토목공학과,,파나요티스 베네타토스,
CLTR0223-016,1.00,0,2,물리학실험 I,1,교양,"수 7A,7B
수 8A,8B",산격동 캠퍼스  미래융합과학관(물리생명공학관)B103,공과대학,토목공학과,,,신임교원 강의담당 예정
CLTR0411-020,2.00,2,0,실용영어1,1,교양,"월 5A,5B
수 5A,5B",산격동 캠퍼스  외국어교육관402,공과대학,토목공학과,,"빌즈, 그라함 해롤드",
CLTR0411-021,2.00,2,0,실용영어1,1,교양,"월 5A,5B
수 5A,5B",산격동 캠퍼스  외국어교육관419,공과대학,토목공학과,,"위드로우, 애덤 크리스토퍼",
CLTR0411-022,2.00,2,0,실용영어1,1,교양,"월 5A,5B
수 5A,5B",산격동 캠퍼스  외국어교육관425,공과대학,토목공학과,,"피어슨, 브랜든",
CLTR0411-023,2.00,2,0,실용영어1,1,교양,"월 5A,5B
수 5A,5B",산격동 캠퍼스  외국어교육관423,공과대학,토목공학과,,"하이랜드,크리스",
TCHR0522-005,2.00,0,4,학교현장실습,4,교직,,,공과대학,토목공학과,,최세휴,
CLTR0205-018,3.00,3,0,대학글쓰기,2,교양,"월 1A,1B,2A
수 2B,3A,3B",산격동 캠퍼스  공대12호관211,공과대학,고분자공학과,,,
CLTR0205-019,3.00,3,0,대학글쓰기,2,교양,"월 1A,1B,2A
수 2B,3A,3B",산격동 캠퍼스  공대12호관103,공과대학,고분자공학과,,,
CLTR0211-014,3.00,3,0,수학 I,1,교양,"화 1A,1B,2A
목 2B,3A,3B",산격동 캠퍼스  공대12호관211,공과대학,고분자공학과,,,
CLTR0213-011,3.00,3,0,물리학 I,1,교양,"수 1A,1B,2A
금 2B,3A,3B",산격동 캠퍼스  공대12호관211,공과대학,고분자공학과,,박상국,
CLTR0215-008,3.00,3,0,화학 I,1,교양,"화 5B,6A,6B
목 5B,6A,6B",산격동 캠퍼스  공대9호관121,공과대학,고분자공학과,,현동춘,
CLTR0411-014,2.00,2,0,실용영어1,1,교양,"화 3A,3B
목 1A,1B",산격동 캠퍼스  외국어교육관404,공과대학,고분자공학과,,워커 퀸,
CLTR0411-015,2.00,2,0,실용영어1,1,교양,"화 3A,3B
목 1A,1B",산격동 캠퍼스  외국어교육관421,공과대학,고분자공학과,,"드니아,토비",
CLTR0041-008,3.00,3,0,한국사,2,교양,"월 8B,9A,9B
수 7A,7B,8A",산격동 캠퍼스  공대12호관103,공과대학,섬유시스템공학과,,김현주,
CLTR0195-007,3.00,2,2,C/C++프로그래밍기초,1,교양,"화 1A,1B
화 2A,2B
화 3A,3B
화 4A,4B",산격동 캠퍼스  종합정보센터202,공과대학,섬유시스템공학과,,송유진,
CLTR0213-012,3.00,3,0,물리학 I,1,교양,"월 2B,3A,3B
금 1A,1B,2A",산격동 캠퍼스  공대12호관103,공과대학,섬유시스템공학과,,김홍탁,
CLTR0215-010,3.00,3,0,화학 I,1,교양,"화 5B,6A,6B
목 5B,6A,6B",산격동 캠퍼스  공대1호관401,공과대학,섬유시스템공학과,,배진석,
CLTR0226-015,1.00,0,2,화학실험 I,1,교양,"목 1A,1B
목 2A,2B",산격동 캠퍼스  화학관118,공과대학,섬유시스템공학과,,이홍인,
CLTR0226-016,1.00,0,2,화학실험 I,1,교양,"목 1A,1B
목 2A,2B",산격동 캠퍼스  화학관119,공과대학,섬유시스템공학과,,임종민,
CLTR0411-018,2.00,2,0,실용영어1,1,교양,"수 1A,1B
금 3A,3B",산격동 캠퍼스  외국어교육관406,공과대학,섬유시스템공학과,,"쿡,콜린 제임스",
CLTR0411-019,2.00,2,0,실용영어1,1,교양,"수 1A,1B
금 3A,3B",산격동 캠퍼스  외국어교육관421,공과대학,섬유시스템공학과,,"드니아,토비",
CLTR0211-015,3.00,3,0,수학 I,1,교양,"월 7A,7B,8A
금 7A,7B,8A",산격동 캠퍼스  공대6호관506,공과대학,환경공학과,,,
CLTR0215-009,3.00,3,0,화학 I,1,교양,"월 8B,9A,9B
수 7A,7B,8A",산격동 캠퍼스  공대6호관506,공과대학,환경공학과,,김웅,
CLTR0221-005,3.00,3,0,통계학,2,교양,"화 5B,6A,6B
목 5B,6A,6B",산격동 캠퍼스  공대12호관213,공과대학,환경공학과,,유진경,
CLTR0226-013,1.00,0,2,화학실험 I,1,교양,"화 5A,5B
화 6A,6B",산격동 캠퍼스  화학관118,공과대학,환경공학과,,이강호,
CLTR0226-014,1.00,0,2,화학실험 I,1,교양,"화 5A,5B
화 6A,6B",산격동 캠퍼스  화학관119,공과대학,환경공학과,,최상일,
CLTR0411-016,2.00,2,0,실용영어1,1,교양,"월 5A,5B
수 5A,5B",산격동 캠퍼스  외국어교육관404,공과대학,환경공학과,,워커 퀸,
CLTR0411-017,2.00,2,0,실용영어1,1,교양,"월 5A,5B
수 5A,5B",산격동 캠퍼스  외국어교육관421,공과대학,환경공학과,,"드니아,토비",
CLTR0825-001,3.00,3,0,인공지능과 케글분석,*,교양,"월 5B,6A,6B
수 5B,6A,6B",산격동 캠퍼스  공대6호관314,공과대학,환경공학과,,김웅,
CLTR0205-020,3.00,3,0,대학글쓰기,1,교양,"화 2B,3A,3B
목 1A,1B,2A",산격동 캠퍼스  공대12호관113,공과대학,에너지공학부,,,
CLTR0205-021,3.00,3,0,대학글쓰기,1,교양,"화 2B,3A,3B
목 1A,1B,2A",산격동 캠퍼스  공대12호관109,공과대학,에너지공학부,,,
CLTR0205-022,3.00,3,0,대학글쓰기,1,교양,"화 2B,3A,3B
목 1A,1B,2A",산격동 캠퍼스  공대12호관114,공과대학,에너지공학부,,,
CLTR0211-019,3.00,3,0,수학 I,1,교양,"월 8B,9A,9B
수 7A,7B,8A",산격동 캠퍼스  공대12호관114,공과대학,에너지공학부,,,
CLTR0211-020,3.00,3,0,수학 I,1,교양,"월 8B,9A,9B
수 7A,7B,8A",산격동 캠퍼스  공대12호관109,공과대학,에너지공학부,,,
CLTR0213-015,3.00,3,0,물리학 I,1,교양,"화 8B,9A,9B
목 8B,9A,9B",산격동 캠퍼스  공대12호관114,공과대학,에너지공학부,,이세욱,
CLTR0213-016,3.00,3,0,물리학 I,1,교양,"화 8B,9A,9B
목 8B,9A,9B",산격동 캠퍼스  공대12호관109,공과대학,에너지공학부,,배규정,
CLTR0215-011,3.00,3,0,화학 I,1,교양,"화 1A,1B,2A
목 2B,3A,3B",산격동 캠퍼스  화학관120,공과대학,에너지공학부,,이효선,
CLTR0215-012,3.00,3,0,화학 I,1,교양,"화 1A,1B,2A
목 2B,3A,3B",산격동 캠퍼스  공대12호관114,공과대학,에너지공학부,,정혜영,
CLTR0223-018,1.00,0,2,물리학실험 I,1,교양,"수 3A,3B
수 4A,4B",산격동 캠퍼스  미래융합과학관(물리생명공학관)B102,공과대학,에너지공학부,,양기원,
CLTR0223-019,1.00,0,2,물리학실험 I,1,교양,"수 3A,3B
수 4A,4B",산격동 캠퍼스  미래융합과학관(물리생명공학관)B103,공과대학,에너지공학부,,,신임교원 강의담당 예정
CLTR0223-020,1.00,0,2,물리학실험 I,1,교양,"수 5A,5B
수 6A,6B",산격동 캠퍼스  미래융합과학관(물리생명공학관)B102,공과대학,에너지공학부,,김찬,
CLTR0223-021,1.00,0,2,물리학실험 I,1,교양,"수 5A,5B
수 6A,6B",산격동 캠퍼스  미래융합과학관(물리생명공학관)B103,공과대학,에너지공학부,,파나요티스 베네타토스,
CLTR0226-017,1.00,0,2,화학실험 I,1,교양,"수 3A,3B
수 4A,4B",산격동 캠퍼스  화학관118,공과대학,에너지공학부,,조형화,
CLTR0226-018,1.00,0,2,화학실험 I,1,교양,"수 3A,3B
수 4A,4B",산격동 캠퍼스  화학관119,공과대학,에너지공학부,,조대흠,
CLTR0226-019,1.00,0,2,화학실험 I,1,교양,"수 5A,5B
수 6A,6B",산격동 캠퍼스  화학관118,공과대학,에너지공학부,,최상일,
CLTR0226-020,1.00,0,2,화학실험 I,1,교양,"수 5A,5B
수 6A,6B",산격동 캠퍼스  화학관119,공과대학,에너지공학부,,이혜진,
CLTR0411-028,2.00,2,0,실용영어1,1,교양,"화 6A,6B
목 6A,6B",산격동 캠퍼스  외국어교육관402,공과대학,에너지공학부,,"빌즈, 그라함 해롤드",
CLTR0411-029,2.00,2,0,실용영어1,1,교양,"화 6A,6B
목 6A,6B",산격동 캠퍼스  외국어교육관419,공과대학,에너지공학부,,"위드로우, 애덤 크리스토퍼",
CLTR0411-030,2.00,2,0,실용영어1,1,교양,"화 6A,6B
목 6A,6B",산격동 캠퍼스  외국어교육관425,공과대학,에너지공학부,,"피어슨, 브랜든",
CLTR0411-031,2.00,2,0,실용영어1,1,교양,"화 6A,6B
목 6A,6B",산격동 캠퍼스  외국어교육관423,공과대학,에너지공학부,,"하이랜드,크리스",
CLTR0820-003,3.00,3,0,기초수학1,1,교양,"수 1A,1B,2A
금 2B,3A,3B",,공과대학,에너지공학부,,,
CLTR0043-003,3.00,3,0,서양의역사와문화,1,교양,"수 8B,9A,9B
금 8B,9A,9B",산격동 캠퍼스  공대12호관114,공과대학,건축학부,건축학전공,변정심,
CLTR0045-009,3.00,3,0,논리와 비판적 사고,1,교양,"수 1A,1B,2A
금 2B,3A,3B",산격동 캠퍼스  공대12호관114,공과대학,건축학부,건축공학전공,,
CLTR0185-001,3.00,3,0,인간과주거문화,1,교양,"월 1A,1B,2A
수 2B,3A,3B",산격동 캠퍼스  공대12호관114,공과대학,건축학부,건축공학전공,이지애,
CLTR0185-002,3.00,3,0,인간과주거문화,*,교양,"월 5B,6A,6B
금 5B,6A,6B",산격동 캠퍼스  공대12호관103,공과대학,건축학부,건축공학전공,류지혜,
CLTR0211-017,3.00,3,0,수학 I,1,교양,"월 2B,3A,3B
금 1A,1B,2A",산격동 캠퍼스  공대12호관101,공과대학,건축학부,건축공학전공,,
CLTR0211-018,3.00,3,0,수학 I,1,교양,"월 7A,7B,8A
금 7A,7B,8A",산격동 캠퍼스  공대12호관103,공과대학,건축학부,건축학전공,,
CLTR0213-014,3.00,3,0,물리학 I,1,교양,"월 8B,9A,9B
수 7A,7B,8A",산격동 캠퍼스  공대12호관215,공과대학,건축학부,건축공학전공,김귀년,
CLTR0223-017,1.00,0,2,물리학실험 I,1,교양,"목 5A,5B
목 6A,6B",산격동 캠퍼스  미래융합과학관(물리생명공학관)B102,공과대학,건축학부,건축공학전공,,신임교원 강의담당 예정
CLTR0268-001,3.00,2,2,파이선 프로그래밍,1,교양,"목 7A,7B
목 8A,8B
목 9A,9B
목 10A,10B",산격동 캠퍼스  종합정보센터304,공과대학,건축학부,건축학전공,류춘하,
CLTR0411-024,2.00,2,0,실용영어1,1,교양,"화 7A,7B
목 7A,7B",산격동 캠퍼스  외국어교육관419,공과대학,건축학부,건축공학전공,"위드로우, 애덤 크리스토퍼",
CLTR0411-025,2.00,2,0,실용영어1,1,교양,"화 7A,7B
목 7A,7B",산격동 캠퍼스  외국어교육관425,공과대학,건축학부,건축공학전공,"피어슨, 브랜든",
CLTR0411-026,2.00,2,0,실용영어1,1,교양,"화 6A,6B
목 6A,6B",산격동 캠퍼스  외국어교육관404,공과대학,건축학부,건축학전공,워커 퀸,
CLTR0411-027,2.00,2,0,실용영어1,1,교양,"화 6A,6B
목 6A,6B",산격동 캠퍼스  외국어교육관406,공과대학,건축학부,건축학전공,"쿡,콜린 제임스",
CLTR0471-001,3.00,3,0,친환경적 삶과 건축,*,교양,"월 1A,1B,2A
수 2B,3A,3B",,공과대학,건축학부,건축공학전공,이태경,
CLTR0820-002,3.00,3,0,기초수학1,1,교양,"화 2B,3A,3B
목 1A,1B,2A",산격동 캠퍼스  공대12호관103,공과대학,건축학부,건축공학전공,,
CLTR0195-010,3.00,2,2,C/C++프로그래밍기초,1,교양,"수 5A,5B
수 6A,6B
수 7A,7B
수 8A,8B",산격동 캠퍼스  종합정보센터201,공과대학,금속재료공학과,,이정아,
CLTR0195-011,3.00,2,2,C/C++프로그래밍기초,1,교양,"수 5A,5B
수 6A,6B
수 7A,7B
수 8A,8B",산격동 캠퍼스  종합정보센터302,공과대학,금속재료공학과,,하숙정,
CLTR0211-022,3.00,3,0,수학 I,1,교양,"월 2B,3A,3B
금 1A,1B,2A",산격동 캠퍼스  공대12호관215,공과대학,금속재료공학과,,,
CLTR0213-017,3.00,3,0,물리학 I,1,교양,"화 2B,3A,3B
목 1A,1B,2A",산격동 캠퍼스  공대12호관215,공과대학,금속재료공학과,,도중회,
CLTR0215-013,3.00,3,0,화학 I,1,교양,"수 1A,1B,2A
금 2B,3A,3B",산격동 캠퍼스  화학관114,공과대학,금속재료공학과,,조형화,
CLTR0411-032,2.00,2,0,실용영어1,1,교양,"화 5A,5B
목 5A,5B",산격동 캠퍼스  외국어교육관419,공과대학,금속재료공학과,,"위드로우, 애덤 크리스토퍼",
CLTR0411-033,2.00,2,0,실용영어1,1,교양,"화 5A,5B
목 5A,5B",산격동 캠퍼스  외국어교육관425,공과대학,금속재료공학과,,"피어슨, 브랜든",
CLTR0411-034,2.00,2,0,실용영어1,1,교양,"화 5A,5B
목 5A,5B",산격동 캠퍼스  외국어교육관423,공과대학,금속재료공학과,,"하이랜드,크리스",
CLTR0195-012,3.00,2,2,C/C++프로그래밍기초,1,교양,"수 5A,5B
수 6A,6B
수 7A,7B
수 8A,8B",산격동 캠퍼스  종합정보센터304,공과대학,신소재공학과,,박보석,
CLTR0211-023,3.00,3,0,수학 I,1,교양,"월 7A,7B,8A
금 7A,7B,8A",산격동 캠퍼스  공대8호관101,공과대학,신소재공학과,,,
CLTR0213-018,3.00,3,0,물리학 I,1,교양,"화 8B,9A,9B
목 8B,9A,9B",산격동 캠퍼스  공대12호관213,공과대학,신소재공학과,,공대정,
CLTR0215-014,3.00,3,0,화학 I,1,교양,"화 7A,7B,8A
목 7A,7B,8A",산격동 캠퍼스  공대8호관101,공과대학,신소재공학과,,정병규,
CLTR0411-035,2.00,2,0,실용영어1,1,교양,"월 1A,1B
수 3A,3B",산격동 캠퍼스  외국어교육관406,공과대학,신소재공학과,,"쿡,콜린 제임스",
CLTR0411-036,2.00,2,0,실용영어1,1,교양,"월 1A,1B
수 3A,3B",산격동 캠퍼스  외국어교육관421,공과대학,신소재공학과,,"드니아,토비",
CLTR0045-007,3.00,3,0,논리와 비판적 사고,2,교양,"화 5B,6A,6B
목 5B,6A,6B",산격동 캠퍼스  공대12호관101,공과대학,응용화학과,,,
CLTR0085-004,3.00,3,0,경영의이해,1,교양,"월 1A,1B,2A
수 2B,3A,3B",산격동 캠퍼스  공대12호관101,공과대학,응용화학과,,손창용,
CLTR0211-012,3.00,3,0,수학 I,1,교양,"월 5B,6A,6B
금 5B,6A,6B",산격동 캠퍼스  공대12호관101,공과대학,응용화학과,,,
CLTR0213-009,3.00,3,0,물리학 I,1,교양,"월 7A,7B,8A
금 7A,7B,8A",산격동 캠퍼스  공대12호관101,공과대학,응용화학과,,박환배,
CLTR0215-006,3.00,3,0,화학 I,1,교양,"화 7A,7B,8A
목 7A,7B,8A",산격동 캠퍼스  공대12호관101,공과대학,응용화학과,,이상연,
CLTR0226-009,1.00,0,2,화학실험 I,1,교양,"금 3A,3B
금 4A,4B",산격동 캠퍼스  화학관118,공과대학,응용화학과,,정맹준,
CLTR0226-010,1.00,0,2,화학실험 I,1,교양,"금 3A,3B
금 4A,4B",산격동 캠퍼스  화학관119,공과대학,응용화학과,,조대흠,
CLTR0411-008,2.00,2,0,실용영어1,1,교양,"화 5A,5B
목 5A,5B",산격동 캠퍼스  외국어교육관404,공과대학,응용화학과,,워커 퀸,
CLTR0411-009,2.00,2,0,실용영어1,1,교양,"화 5A,5B
목 5A,5B",산격동 캠퍼스  외국어교육관421,공과대학,응용화학과,,"드니아,토비",
CLTR0411-010,2.00,2,0,실용영어1,1,교양,"화 5A,5B
목 5A,5B",산격동 캠퍼스  외국어교육관402,공과대학,응용화학과,,"빌즈, 그라함 해롤드",
CLTR0041-007,3.00,3,0,한국사,1,교양,"수 8B,9A,9B
금 8B,9A,9B",산격동 캠퍼스  공대12호관215,공과대학,화학공학과,,하서정,
CLTR0211-013,3.00,3,0,수학 I,1,교양,"화 5B,6A,6B
목 5B,6A,6B",산격동 캠퍼스  공대12호관215,공과대학,화학공학과,,,
CLTR0213-010,3.00,3,0,물리학 I,1,교양,"화 8B,9A,9B
목 8B,9A,9B",산격동 캠퍼스  공대12호관215,공과대학,화학공학과,,여준엽,
CLTR0215-007,3.00,3,0,화학 I,1,교양,"월 5B,6A,6B
금 5B,6A,6B",산격동 캠퍼스  공대9호관106,공과대학,화학공학과,,한구희,
CLTR0221-004,3.00,3,0,통계학,2,교양,"월 5B,6A,6B
금 5B,6A,6B",산격동 캠퍼스  공대12호관215,공과대학,화학공학과,,박수민,
CLTR0226-011,1.00,0,2,화학실험 I,1,교양,"월 7A,7B
월 8A,8B",산격동 캠퍼스  화학관118,공과대학,화학공학과,,정맹준,
CLTR0226-012,1.00,0,2,화학실험 I,1,교양,"월 7A,7B
월 8A,8B",산격동 캠퍼스  화학관119,공과대학,화학공학과,,조형화,
CLTR0411-011,2.00,2,0,실용영어1,1,교양,"화 7A,7B
목 7A,7B",산격동 캠퍼스  외국어교육관423,공과대학,화학공학과,,"하이랜드,크리스",
CLTR0411-012,2.00,2,0,실용영어1,1,교양,"화 7A,7B
목 7A,7B",산격동 캠퍼스  외국어교육관406,공과대학,화학공학과,,"쿡,콜린 제임스",
CLTR0411-013,2.00,2,0,실용영어1,1,교양,"화 7A,7B
목 7A,7B",산격동 캠퍼스  외국어교육관402,공과대학,화학공학과,,"빌즈, 그라함 해롤드",
CLTR0038-002,3.00,3,0,스페인어,3,교양,"화 8B,9A,9B
목 8B,9A,9B",,IT대학,전자공학부,,이혜경,
CLTR0041-019,3.00,3,0,한국사,1,교양,"월 1A,1B,2A
수 2B,3A,3B",,IT대학,전자공학부,A,김진한,
CLTR0041-020,3.00,3,0,한국사,1,교양,"월 1A,1B,2A
수 2B,3A,3B",,IT대학,전자공학부,B,김현주,
CLTR0041-021,3.00,3,0,한국사,1,교양,"월 1A,1B,2A
수 2B,3A,3B",,IT대학,전자공학부,C,임지원,
CLTR0041-022,3.00,3,0,한국사,1,교양,"월 1A,1B,2A
수 2B,3A,3B",,IT대학,전자공학부,D,신주엽,
CLTR0041-023,3.00,3,0,한국사,1,교양,"월 1A,1B,2A
수 2B,3A,3B",,IT대학,전자공학부,인공지능전공,권은나,
CLTR0043-007,3.00,3,0,서양의역사와문화,4,교양,"화 8B,9A,9B
목 8B,9A,9B",,IT대학,전자공학부,,최현미,
CLTR0043-008,3.00,3,0,서양의역사와문화,4,교양,"수 8B,9A,9B
금 8B,9A,9B",,IT대학,전자공학부,,김필영,
CLTR0045-020,3.00,3,0,논리와 비판적 사고,1,교양,"월 1A,1B,2A
수 2B,3A,3B",,IT대학,전자공학부,E,,
CLTR0045-021,3.00,3,0,논리와 비판적 사고,1,교양,"월 1A,1B,2A
수 2B,3A,3B",,IT대학,전자공학부,F,우정민,
CLTR0045-022,3.00,3,0,논리와 비판적 사고,1,교양,"월 1A,1B,2A
수 2B,3A,3B",,IT대학,전자공학부,H,,
CLTR0102-002,3.00,3,0,자연과학의이해,1,교양,"화 1A,1B,2A
목 2B,3A,3B",,IT대학,전자공학부,모바일공학전공,김동희,
CLTR0211-030,3.00,3,0,수학 I,1,교양,"화 1A,1B,2A
목 2B,3A,3B",,IT대학,전자공학부,A,,
CLTR0211-031,3.00,3,0,수학 I,1,교양,"화 1A,1B,2A
목 2B,3A,3B",,IT대학,전자공학부,B,,
CLTR0211-032,3.00,3,0,수학 I,1,교양,"화 1A,1B,2A
목 2B,3A,3B",,IT대학,전자공학부,C,,
CLTR0211-033,3.00,3,0,수학 I,1,교양,"화 1A,1B,2A
목 2B,3A,3B",,IT대학,전자공학부,D,,
CLTR0211-034,3.00,3,0,수학 I,1,교양,"화 2B,3A,3B
목 1A,1B,2A",,IT대학,전자공학부,E,,
CLTR0211-035,3.00,3,0,수학 I,1,교양,"화 2B,3A,3B
목 1A,1B,2A",,IT대학,전자공학부,F,,
CLTR0211-036,3.00,3,0,수학 I,1,교양,"화 2B,3A,3B
목 1A,1B,2A",,IT대학,전자공학부,H,,
CLTR0211-037,3.00,3,0,수학 I,1,교양,"화 2B,3A,3B
목 1A,1B,2A",,IT대학,전자공학부,인공지능전공,,
CLTR0213-022,3.00,3,0,물리학 I,1,교양,"화 2B,3A,3B
목 1A,1B,2A",,IT대학,전자공학부,A,박환배,
CLTR0213-023,3.00,3,0,물리학 I,1,교양,"화 2B,3A,3B
목 1A,1B,2A",,IT대학,전자공학부,B,김도형,
CLTR0213-024,3.00,3,0,물리학 I,1,교양,"화 2B,3A,3B
목 1A,1B,2A",,IT대학,전자공학부,C,김봉재,
CLTR0213-025,3.00,3,0,물리학 I,1,교양,"화 2B,3A,3B
목 1A,1B,2A",,IT대학,전자공학부,D,양유철,
CLTR0213-026,3.00,3,0,물리학 I,1,교양,"화 1A,1B,2A
목 2B,3A,3B",,IT대학,전자공학부,E,박정일,
CLTR0213-027,3.00,3,0,물리학 I,1,교양,"화 1A,1B,2A
목 2B,3A,3B",,IT대학,전자공학부,F,팽진섭,
CLTR0213-028,3.00,3,0,물리학 I,1,교양,"화 1A,1B,2A
목 2B,3A,3B",,IT대학,전자공학부,H,,신임교원 강의담당 예정
CLTR0215-024,3.00,3,0,화학 I,1,교양,"월 5B,6A,6B
금 5B,6A,6B",,IT대학,전자공학부,A,정혜영,
CLTR0215-025,3.00,3,0,화학 I,1,교양,"월 5B,6A,6B
금 5B,6A,6B",,IT대학,전자공학부,B,최한님,
CLTR0215-026,3.00,3,0,화학 I,1,교양,"월 5B,6A,6B
금 5B,6A,6B",,IT대학,전자공학부,C,조장훈,
CLTR0215-027,3.00,3,0,화학 I,1,교양,"월 5B,6A,6B
금 5B,6A,6B",,IT대학,전자공학부,D,김은희,
CLTR0246-007,3.00,3,0,일반생명과학Ⅰ,1,교양,"월 5B,6A,6B
금 5B,6A,6B",,IT대학,전자공학부,E,최재신,
CLTR0246-008,3.00,3,0,일반생명과학Ⅰ,1,교양,"월 5B,6A,6B
금 5B,6A,6B",,IT대학,전자공학부,F,도금숙,
CLTR0246-009,3.00,3,0,일반생명과학Ⅰ,1,교양,"월 5B,6A,6B
금 5B,6A,6B",,IT대학,전자공학부,H,신선영,
CLTR0820-005,3.00,3,0,기초수학1,1,교양,"화 1A,1B,2A
목 2B,3A,3B",,IT대학,전자공학부,,,
CLTR0820-006,3.00,3,0,기초수학1,1,교양,"화 2B,3A,3B
목 1A,1B,2A",,IT대학,전자공학부,,,
TCHR0432-001,3.00,3,0,전자교육론,3,교직,"화 9A,9B
화 10A,10B
화 11A,11B",산격동 캠퍼스  IT대학1호관(공대10호관)103,IT대학,전자공학부,,한경호,
TCHR0433-001,3.00,3,0,전자교재연구및지도법,3,교직,"화 12A,12B
화 13A,13B
수 10A,10B",산격동 캠퍼스  IT대학1호관(공대10호관)103,IT대학,전자공학부,,한경호,
TCHR0522-010,2.00,0,4,학교현장실습,4,교직,,,IT대학,전자공학부,,,
CLTR0045-023,3.00,3,0,논리와 비판적 사고,1,교양,"월 1A,1B,2A
수 2B,3A,3B",산격동 캠퍼스  IT대학4호관(제2학생회관)104,IT대학,컴퓨터학부,,,
CLTR0045-024,3.00,3,0,논리와 비판적 사고,1,교양,"월 1A,1B,2A
수 2B,3A,3B",산격동 캠퍼스  IT대학5호관(IT융복합관)248,IT대학,컴퓨터학부,인공지능컴퓨팅전공,,
CLTR0112-006,3.00,3,0,생활속의통계,1,교양,"화 2B,3A,3B
목 1A,1B,2A",산격동 캠퍼스  IT대학5호관(IT융복합관)342,IT대학,컴퓨터학부,,,
CLTR0205-041,3.00,3,0,대학글쓰기,1,교양,"수 1A,1B,2A
금 2B,3A,3B",산격동 캠퍼스  IT대학4호관(제2학생회관)104,IT대학,컴퓨터학부,,,
CLTR0205-042,3.00,3,0,대학글쓰기,1,교양,"수 1A,1B,2A
금 2B,3A,3B",산격동 캠퍼스  IT대학5호관(IT융복합관)324,IT대학,컴퓨터학부,,,
CLTR0205-043,3.00,3,0,대학글쓰기,1,교양,"수 1A,1B,2A
금 2B,3A,3B",산격동 캠퍼스  IT대학5호관(IT융복합관)351,IT대학,컴퓨터학부,,,
CLTR0205-044,3.00,3,0,대학글쓰기,1,교양,"화 2B,3A,3B
목 1A,1B,2A",산격동 캠퍼스  IT대학5호관(IT융복합관)351,IT대학,컴퓨터학부,글로벌소프트웨어융합전공,,
CLTR0205-045,3.00,3,0,대학글쓰기,1,교양,"화 2B,3A,3B
목 1A,1B,2A",산격동 캠퍼스  IT대학5호관(IT융복합관)324,IT대학,컴퓨터학부,글로벌소프트웨어융합전공,,
CLTR0205-046,3.00,3,0,대학글쓰기,1,교양,"화 2B,3A,3B
목 1A,1B,2A",산격동 캠퍼스  IT대학5호관(IT융복합관)248,IT대학,컴퓨터학부,글로벌소프트웨어융합전공,,
CLTR0205-047,3.00,3,0,대학글쓰기,1,교양,"화 2B,3A,3B
목 1A,1B,2A",산격동 캠퍼스  IT대학5호관(IT융복합관)251,IT대학,컴퓨터학부,글로벌소프트웨어융합전공,,
CLTR0205-048,3.00,3,0,대학글쓰기,1,교양,"수 1A,1B,2A
금 2B,3A,3B",산격동 캠퍼스  IT대학5호관(IT융복합관)248,IT대학,컴퓨터학부,인공지능컴퓨팅전공,,
CLTR0213-029,3.00,3,0,물리학 I,2,교양,"월 2B,3A,3B
금 1A,1B,2A",산격동 캠퍼스  IT대학5호관(IT융복합관)351,IT대학,컴퓨터학부,,박정식,
CLTR0819-002,3.00,3,0,기초수학2,1,교양,"월 2B,3A,3B
금 1A,1B,2A",산격동 캠퍼스  IT대학4호관(제2학생회관)104,IT대학,컴퓨터학부,,,
CLTR0819-003,3.00,3,0,기초수학2,1,교양,"화 1A,1B,2A
목 2B,3A,3B",산격동 캠퍼스  IT대학4호관(제2학생회관)104,IT대학,컴퓨터학부,글로벌소프트웨어융합전공,,
CLTR0819-004,3.00,3,0,기초수학2,1,교양,"화 1A,1B,2A
목 2B,3A,3B",산격동 캠퍼스  IT대학5호관(IT융복합관)342,IT대학,컴퓨터학부,글로벌소프트웨어융합전공,,
CLTR0819-005,3.00,3,0,기초수학2,1,교양,"월 2B,3A,3B
금 1A,1B,2A",산격동 캠퍼스  IT대학5호관(IT융복합관)342,IT대학,컴퓨터학부,인공지능컴퓨팅전공,,
FUTR0201-001,3.00,3,0,기업가정신과 벤처창업,3,일반선택,"월 8B,9A,9B
수 7A,7B,8A",산격동 캠퍼스  IT대학5호관(IT융복합관)351,IT대학,컴퓨터학부,,문계완,
FUTR0208-001,3.00,3,0,미래산업과 직업선택,2,일반선택,"화 8B,9A,9B
목 8B,9A,9B",산격동 캠퍼스  IT대학5호관(IT융복합관)248,IT대학,컴퓨터학부,,류택형,
FUTR0208-002,3.00,3,0,미래산업과 직업선택,2,일반선택,"수 8B,9A,9B
금 8B,9A,9B",산격동 캠퍼스  IT대학5호관(IT융복합관)248,IT대학,컴퓨터학부,글로벌소프트웨어융합전공,류택형,
TCHR0499-001,3.00,3,0,컴퓨터 논리 및 논술지도,3,교직,"금 1A,1B,2A
금 2B,3A,3B",산격동 캠퍼스  IT대학4호관(제2학생회관)108,IT대학,컴퓨터학부,,김승호,
CLTR0041-024,3.00,3,0,한국사,4,교양,"월 5B,6A,6B
금 5B,6A,6B",산격동 캠퍼스  공대8호관201,IT대학,전기공학과,,,신규 강사 또는 기존 강사 중 담당 예정
CLTR0045-025,3.00,3,0,논리와 비판적 사고,1,교양,"월 1A,1B,2A
수 2B,3A,3B",산격동 캠퍼스  IT대학5호관(IT융복합관)422,IT대학,전기공학과,,,
CLTR0205-049,3.00,3,0,대학글쓰기,3,교양,"월 2B,3A,3B
금 1A,1B,2A",산격동 캠퍼스  IT대학5호관(IT융복합관)421,IT대학,전기공학과,,,
CLTR0211-038,3.00,3,0,수학 I,1,교양,"월 2B,3A,3B
금 1A,1B,2A",산격동 캠퍼스  IT대학5호관(IT융복합관)422,IT대학,전기공학과,,,
CLTR0211-039,3.00,3,0,수학 I,1,교양,"월 2B,3A,3B
금 1A,1B,2A",산격동 캠퍼스  IT대학5호관(IT융복합관)427,IT대학,전기공학과,,,
CLTR0213-030,3.00,3,0,물리학 I,1,교양,"월 7A,7B,8A
금 7A,7B,8A",산격동 캠퍼스  IT대학5호관(IT융복합관)422,IT대학,전기공학과,,김창득,
CLTR0213-031,3.00,3,0,물리학 I,1,교양,"월 7A,7B,8A
금 7A,7B,8A",산격동 캠퍼스  IT대학5호관(IT융복합관)427,IT대학,전기공학과,,우경성,
CLTR0215-028,3.00,3,0,화학 I,2,교양,"화 8B,9A,9B
목 8B,9A,9B",산격동 캠퍼스  공대8호관201,IT대학,전기공학과,,남상일,
CLTR0041-009,3.00,3,0,한국사,1,교양,"월 7A,7B,8A
금 7A,7B,8A",산격동 캠퍼스  농대4호관301,농업생명과학대학,응용생명과학부,,김영나,
CLTR0117-001,3.00,3,0,농업과환경,1,교양,"화 5B,6A,6B
목 5B,6A,6B",산격동 캠퍼스  농대1호관323,농업생명과학대학,응용생명과학부,,조현,
CLTR0117-002,3.00,3,0,농업과환경,*,교양,"화 5B,6A,6B
목 5B,6A,6B",산격동 캠퍼스  농대4호관301,농업생명과학대학,응용생명과학부,,조현,
CLTR0215-016,3.00,3,0,화학 I,1,교양,"화 7A,7B,8A
목 7A,7B,8A",산격동 캠퍼스  농대1호관323,농업생명과학대학,응용생명과학부,,박만,
CLTR0730-001,3.00,3,0,국제개발협력의 이해,*,교양,"금 1A,1B,2A
금 2B,3A,3B",산격동 캠퍼스  농대4호관301,농업생명과학대학,응용생명과학부,,윤병욱,
CLTR0041-010,3.00,3,0,한국사,1,교양,"월 7A,7B,8A
금 7A,7B,8A",산격동 캠퍼스  농대3호관521,농업생명과학대학,식품공학부,,최용석,
CLTR0041-011,3.00,3,0,한국사,1,교양,"월 7A,7B,8A
금 7A,7B,8A",산격동 캠퍼스  농대3호관522,농업생명과학대학,식품공학부,,설현지,
CLTR0045-010,3.00,3,0,논리와 비판적 사고,1,교양,"월 5B,6A,6B
금 5B,6A,6B",산격동 캠퍼스  농대3호관521,농업생명과학대학,식품공학부,,,
CLTR0045-011,3.00,3,0,논리와 비판적 사고,1,교양,"월 5B,6A,6B
금 5B,6A,6B",산격동 캠퍼스  농대3호관522,농업생명과학대학,식품공학부,,,
CLTR0215-017,3.00,3,0,화학 I,1,교양,"월 1A,1B,2A
수 2B,3A,3B",산격동 캠퍼스  농대1호관323,농업생명과학대학,식품공학부,,정성근,
CLTR0215-018,3.00,3,0,화학 I,1,교양,"월 1A,1B,2A
수 2B,3A,3B",산격동 캠퍼스  농대3호관522,농업생명과학대학,식품공학부,,한동엽,
TCHR0575-001,3.00,3,0,식품가공교육론,3,교직,"화 5A,5B
화 6A,6B
화 7A,7B",산격동 캠퍼스  농대3호관221,농업생명과학대학,식품공학부,식품생물공학전공,문광덕,
CLTR0041-012,3.00,3,0,한국사,1,교양,"화 2B,3A,3B
목 1A,1B,2A",산격동 캠퍼스  농대1호관323,농업생명과학대학,산림과학.조경학부,,김진한,
CLTR0045-012,3.00,3,0,논리와 비판적 사고,1,교양,"월 5B,6A,6B
금 5B,6A,6B",산격동 캠퍼스  농대1호관323,농업생명과학대학,산림과학.조경학부,,,
CLTR0205-025,3.00,3,0,대학글쓰기,1,교양,"월 2B,3A,3B
금 1A,1B,2A",산격동 캠퍼스  농대1호관401,농업생명과학대학,산림과학.조경학부,,,
CLTR0205-026,3.00,3,0,대학글쓰기,1,교양,"월 2B,3A,3B
금 1A,1B,2A",산격동 캠퍼스  농대3호관522,농업생명과학대학,산림과학.조경학부,,,
CLTR0205-027,3.00,3,0,대학글쓰기,1,교양,"월 2B,3A,3B
금 1A,1B,2A",산격동 캠퍼스  농대1호관323,농업생명과학대학,산림과학.조경학부,,,
CLTR0208-002,3.00,3,0,심화글쓰기,4,교양,"화 8B,9A,9B
목 8B,9A,9B",,농업생명과학대학,산림과학.조경학부,임학전공,,
CLTR0205-023,3.00,3,0,대학글쓰기,2,교양,"화 2B,3A,3B
목 1A,1B,2A",산격동 캠퍼스  농대1호관401,농업생명과학대학,원예과학과,,,
CLTR0373-002,3.00,2,2,빅데이터 기초 실습,3,교양,"화 1A,1B
화 2A,2B
화 3A,3B
화 4A,4B",산격동 캠퍼스  종합정보센터304,농업생명과학대학,원예과학과,,조현숙,
TCHR0522-006,2.00,0,4,학교현장실습,4,교직,,,농업생명과학대학,원예과학과,,최경숙,
CLTR0211-025,3.00,3,0,수학 I,1,교양,"수 8B,9A,9B
금 8B,9A,9B",산격동 캠퍼스  농대2호관401,농업생명과학대학,바이오섬유소재학과,,,
CLTR0215-019,3.00,3,0,화학 I,1,교양,"월 8B,9A,9B
수 7A,7B,8A",산격동 캠퍼스  농대2호관401,농업생명과학대학,바이오섬유소재학과,,윤민영,
CLTR0045-013,3.00,3,0,논리와 비판적 사고,2,교양,"월 5B,6A,6B
금 5B,6A,6B",산격동 캠퍼스  농대2호관401,농업생명과학대학,농업토목.생물산업공학부,농업토목공학전공,,
CLTR0221-007,3.00,3,0,통계학,2,교양,"화 2B,3A,3B
목 1A,1B,2A",산격동 캠퍼스  농대3호관522,농업생명과학대학,농업토목.생물산업공학부,생물산업기계공학전공,유진경,
CLTR0412-001,2.00,2,0,실용영어2,3,교양,"수 1A,1B
금 3A,3B",산격동 캠퍼스  외국어교육관425,농업생명과학대학,농업토목.생물산업공학부,농업토목공학전공,"피어슨, 브랜든",
CLTR0412-002,2.00,2,0,실용영어2,3,교양,"수 1A,1B
금 3A,3B",산격동 캠퍼스  외국어교육관404,농업생명과학대학,농업토목.생물산업공학부,농업토목공학전공,워커 퀸,
CLTR0412-003,2.00,2,0,실용영어2,3,교양,"수 6A,6B
금 5A,5B",산격동 캠퍼스  외국어교육관404,농업생명과학대학,농업토목.생물산업공학부,생물산업기계공학전공,워커 퀸,
CLTR0412-004,2.00,2,0,실용영어2,3,교양,"수 6A,6B
금 5A,5B",산격동 캠퍼스  외국어교육관423,농업생명과학대학,농업토목.생물산업공학부,생물산업기계공학전공,"하이랜드,크리스",
CLTR0794-001,3.00,3,0,오픈소스 소프트웨어 기초,2,교양,"화 8B,9A,9B
목 8B,9A,9B",산격동 캠퍼스  IT대학5호관(IT융복합관)251,농업생명과학대학,농업토목.생물산업공학부,생물산업기계공학전공,정설영,
CLTR0813-001,3.00,2,2,빅데이터와 R프로그래밍,2,교양,"수 1A,1B
수 2A,2B
수 3A,3B
수 4A,4B",산격동 캠퍼스  종합정보센터304,농업생명과학대학,농업토목.생물산업공학부,농업토목공학전공,조현숙,
CLTR0016-006,3.00,3,0,교양한문,1,교양,"화 1A,1B,2A
목 2B,3A,3B",산격동 캠퍼스  농대4호관301,농업생명과학대학,식품자원경제학과,,김미수,
CLTR0205-028,3.00,3,0,대학글쓰기,1,교양,"화 7A,7B,8A
목 7A,7B,8A",산격동 캠퍼스  농대1호관401,농업생명과학대학,식품자원경제학과,,,
CLTR0811-003,3.00,2,2,인문사회 코딩기초,1,교양,"수 5A,5B
수 6A,6B
수 7A,7B
수 8A,8B",산격동 캠퍼스  종합정보센터202,농업생명과학대학,식품자원경제학과,,송무희,
CLTR0003-001,3.00,3,0,실용화법,2,교양,"수 5A,5B
수 6A,6B
수 7A,7B",농업생명과학대학 부속 실습장 친환경농업교육및연구센터413,농업생명과학대학,농산업학과,,김령환,
CLTR0016-005,3.00,3,0,교양한문,1,교양,"수 1A,1B,2A
수 2B,3A,3B",농업생명과학대학 부속 실습장 친환경농업교육및연구센터204,농업생명과학대학,농산업학과,,곽명재,
CLTR0073-002,3.00,3,0,현대사회와 윤리,4,교양,"수 1A,1B
수 2A,2B
수 3A,3B",농업생명과학대학 부속 실습장 친환경농업교육및연구센터208,농업생명과학대학,농산업학과,,지현아,
CLTR0090-003,3.00,3,0,현대사회와법,1,교양,"토 5A,5B
토 6A,6B
토 7A,7B",산격동 캠퍼스  농대4호관405,농업생명과학대학,농산업학과,,최성호,
CLTR0117-003,3.00,3,0,농업과환경,1,교양,"수 5A,5B
수 6A,6B
수 7A,7B",농업생명과학대학 부속 실습장 친환경농업교육및연구센터204,농업생명과학대학,농산업학과,,이기환,
CLTR0205-024,3.00,3,0,대학글쓰기,1,교양,"토 8A,8B
토 9A,9B
토 10A,10B",산격동 캠퍼스  농대4호관405,농업생명과학대학,농산업학과,,,
CLTR0373-003,3.00,2,2,빅데이터 기초 실습,2,교양,"토 8A,8B
토 9A,9B
토 10A,10B
토 11A,11B",산격동 캠퍼스  종합정보센터202,농업생명과학대학,농산업학과,,이유락,
CLTR0638-001,3.00,3,0,디자인? 디자인!,2,교양,"수 5A,5B
수 6A,6B
수 7A,7B",농업생명과학대학 부속 실습장 친환경농업교육및연구센터208,농업생명과학대학,농산업학과,,이주현,
CLTR0211-024,3.00,3,0,수학 I,1,교양,"화 5B,6A,6B
목 5B,6A,6B",산격동 캠퍼스  농대2호관401,농업생명과학대학,농업토목공학과,,,
CLTR0215-015,3.00,3,0,화학 I,1,교양,"수 8B,9A,9B
금 8B,9A,9B",산격동 캠퍼스  농대1호관323,농업생명과학대학,농업토목공학과,,민은선,
CLTR0223-022,1.00,0,2,물리학실험 I,1,교양,"목 1A,1B
목 2A,2B",산격동 캠퍼스  미래융합과학관(물리생명공학관)B102,농업생명과학대학,농업토목공학과,,,신임교원 강의담당 예정
CLTR0223-023,1.00,0,2,물리학실험 I,1,교양,"목 1A,1B
목 2A,2B",산격동 캠퍼스  미래융합과학관(물리생명공학관)B103,농업생명과학대학,농업토목공학과,,파나요티스 베네타토스,
CLTR0268-002,3.00,2,2,파이선 프로그래밍,1,교양,"화 1A,1B
화 2A,2B
화 3A,3B
화 4A,4B",산격동 캠퍼스  종합정보센터201,농업생명과학대학,농업토목공학과,,권동희,
CLTR0411-037,2.00,2,0,실용영어1,1,교양,"수 1A,1B
금 3A,3B",산격동 캠퍼스  외국어교육관402,농업생명과학대학,농업토목공학과,,"빌즈, 그라함 해롤드",
CLTR0411-038,2.00,2,0,실용영어1,1,교양,"수 1A,1B
금 3A,3B",산격동 캠퍼스  외국어교육관419,농업생명과학대학,농업토목공학과,,"위드로우, 애덤 크리스토퍼",
CLTR0213-019,3.00,3,0,물리학 I,1,교양,"화 8B,9A,9B
목 8B,9A,9B",산격동 캠퍼스  농대4호관301,농업생명과학대학,스마트생물산업기계공학과,,박환배,
CLTR0223-024,1.00,0,2,물리학실험 I,1,교양,"수 1A,1B
수 2A,2B",산격동 캠퍼스  미래융합과학관(물리생명공학관)B102,농업생명과학대학,스마트생물산업기계공학과,,이형철,
CLTR0223-025,1.00,0,2,물리학실험 I,1,교양,"수 1A,1B
수 2A,2B",산격동 캠퍼스  미래융합과학관(물리생명공학관)B103,농업생명과학대학,스마트생물산업기계공학과,,김홍탁,
CLTR0268-003,3.00,2,2,파이선 프로그래밍,1,교양,"금 1A,1B
금 2A,2B
금 3A,3B
금 4A,4B",산격동 캠퍼스  종합정보센터202,농업생명과학대학,스마트생물산업기계공학과,,,
CLTR0411-039,2.00,2,0,실용영어1,1,교양,"수 6A,6B
금 5A,5B",산격동 캠퍼스  외국어교육관402,농업생명과학대학,스마트생물산업기계공학과,,"빌즈, 그라함 해롤드",
CLTR0411-040,2.00,2,0,실용영어1,1,교양,"수 6A,6B
금 5A,5B",산격동 캠퍼스  외국어교육관421,농업생명과학대학,스마트생물산업기계공학과,,"드니아,토비",
CLTR0799-001,3.00,3,0,정보기술 윤리의 이해,1,교양,"월 8B,9A,9B
수 7A,7B,8A",산격동 캠퍼스  농대1호관323,농업생명과학대학,스마트생물산업기계공학과,,김상현,
CLTR0041-013,3.00,3,0,한국사,1,교양,"화 2B,3A,3B
목 1A,1B,2A",산격동 캠퍼스  농대2호관401,농업생명과학대학,식물의학과,,박진영,
CLTR0246-002,3.00,3,0,일반생명과학Ⅰ,1,교양,"화 8B,9A,9B
목 8B,9A,9B",산격동 캠퍼스  농대2호관401,농업생명과학대학,식물의학과,,김한순,
CLTR0822-005,3.00,3,0,화학입문,1,교양,"수 8B,9A,9B
금 8B,9A,9B",산격동 캠퍼스  농대3호관522,농업생명과학대학,식물의학과,,임종민,
CLTR0041-014,3.00,3,0,한국사,1,교양,"월 2B,3A,3B
금 1A,1B,2A",산격동 캠퍼스  조형관(제3합동강의동)101,예술대학,음악학과,,,신규 강사 또는 기존 강사 중 담당 예정
CLTR0094-003,3.00,3,0,문화인류학의이해,1,교양,"화 2B,3A,3B
목 1A,1B,2A",산격동 캠퍼스  조형관(제3합동강의동)101,예술대학,음악학과,,안승택,
CLTR0134-001,3.00,3,0,음악의 이해,*,교양,"월 8B,9A,9B
수 7A,7B,8A",산격동 캠퍼스  조형관(제3합동강의동)101,예술대학,음악학과,,조정현,
CLTR0640-001,3.00,3,0,"음악, 철학 그리고 문화",*,교양,"화 8B,9A,9B
목 8B,9A,9B",산격동 캠퍼스  조형관(제3합동강의동)101,예술대학,음악학과,,김선아,
CLTR0816-003,3.00,3,0,인문사회 기초생명과학,1,교양,"화 1A,1B,2A
목 2B,3A,3B",산격동 캠퍼스  조형관(제3합동강의동)101,예술대학,음악학과,,윤기순,
TCHR0649-001,3.00,3,0,음악교육론,3,교직,"목 7A,7B
목 8A,8B
목 9A,9B",산격동 캠퍼스  예술대학106,예술대학,음악학과,,신영예,
CLTR0133-001,3.00,3,0,국악의 이해,*,교양,"화 8B,9A,9B
목 8B,9A,9B",,예술대학,국악학과,,,
CLTR0472-001,3.00,3,0,현대예술의 표현방식과 이해,*,교양,"화 7A,7B,8A
목 7A,7B,8A",산격동 캠퍼스  조형관(제3합동강의동)104,예술대학,미술학과,,박연숙,
CLTR0698-001,3.00,3,0,스토리 미술,*,교양,"화 5B,6A,6B
목 5B,6A,6B",산격동 캠퍼스  조형관(제3합동강의동)104,예술대학,미술학과,,조덕연,
CLTR0816-004,3.00,3,0,인문사회 기초생명과학,1,교양,"월 1A,1B,2A
수 2B,3A,3B",산격동 캠퍼스  조형관(제3합동강의동)104,예술대학,미술학과,,,
CLTR0845-001,3.00,3,0,IT와 예술,*,교양,"월 8B,9A,9B
수 7A,7B,8A",산격동 캠퍼스  조형관(제3합동강의동)104,예술대학,미술학과,,임수연,
TCHR0650-001,3.00,3,0,미술교육론,3,교직,"월 2B,3A,3B",산격동 캠퍼스  조형관(제3합동강의동)103,예술대학,미술학과,,신경애,
CLTR0376-001,3.00,3,0,디자인과 크리에이티브,*,교양,"화 8B,9A,9B
목 8B,9A,9B",산격동 캠퍼스  조형관(제3합동강의동)102,예술대학,디자인학과,,이경용,
CLTR0638-002,3.00,3,0,디자인? 디자인!,*,교양,"수 8B,9A,9B
금 8B,9A,9B",산격동 캠퍼스  조형관(제3합동강의동)102,예술대학,디자인학과,,조철희,
CLTR0210-020,3.00,3,0,명저읽기와 토론,1,교양,"수 1A,1B,2A
금 1A,1B,2A",산격동 캠퍼스  사범대학810,사범대학,교육학과,,박균섭,
CLTR0534-001,3.00,3,0,교육학의이해,1,교양,"화 2B,3A,3B
목 1A,1B,2A",산격동 캠퍼스  사범대학810,사범대학,교육학과,,강현석,
CLTR0603-001,3.00,3,0,인간발달과 행복,*,교양,"화 8B,9A,9B
목 8B,9A,9B",산격동 캠퍼스  사범대학217,사범대학,교육학과,,강이철,
CLTR0836-001,3.00,2,2,미래사회와 교사 역량,*,교양,"목 1A,1B
목 2A,2B
목 3A,3B
목 4A,4B",산격동 캠퍼스  사범대학217,사범대학,교육학과,,강호수,
TCHR0464-001,3.00,3,0,교육학 논리 및 논술지도,4,교직,"수 3A,3B
수 4A,4B
금 3A,3B
금 4A,4B",산격동 캠퍼스  사범대학811,사범대학,교육학과,,박균섭,
TCHR0520-001,2.00,2,0,생활지도및상담(교직소양),*,교직,"목 6A,6B
목 7A,7B",산격동 캠퍼스  교육대학원113,사범대학,교육학과,,,신규 임용 예정
TCHR0520-002,2.00,2,0,생활지도및상담(교직소양),*,교직,"월 10A,10B
월 11A,11B",산격동 캠퍼스  교육대학원206,사범대학,교육학과,,박민주,
TCHR0520-003,2.00,2,0,생활지도및상담(교직소양),*,교직,"화 2A,2B
화 3A,3B",산격동 캠퍼스  교육대학원206,사범대학,교육학과,,채선화,
TCHR0520-004,2.00,2,0,생활지도및상담(교직소양),*,교직,"화 9A,9B
화 10A,10B",산격동 캠퍼스  교육대학원113,사범대학,교육학과,,김은정,
TCHR0520-005,2.00,2,0,생활지도및상담(교직소양),*,교직,"수 7A,7B
수 8A,8B",산격동 캠퍼스  교육대학원211,사범대학,교육학과,,최명희,
TCHR0520-006,2.00,2,0,생활지도및상담(교직소양),*,교직,"금 10A,10B
금 11A,11B",산격동 캠퍼스  교육대학원211,사범대학,교육학과,,최명희,
TCHR0522-007,2.00,0,4,학교현장실습,4,교직,,,사범대학,교육학과,,홍성구,
TCHR0528-002,2.00,2,0,특수교육학개론,*,교직,"수 5A,5B
수 6A,6B",산격동 캠퍼스  교육대학원211,사범대학,교육학과,,안정애,
TCHR0528-003,2.00,2,0,특수교육학개론,*,교직,"수 7A,7B
수 8A,8B",산격동 캠퍼스  교육대학원201,사범대학,교육학과,,정경희,
TCHR0528-004,2.00,2,0,특수교육학개론,*,교직,"수 5A,5B
수 6A,6B",산격동 캠퍼스  교육대학원201,사범대학,교육학과,,차세진,
TCHR0528-005,2.00,2,0,특수교육학개론,*,교직,"금 5A,5B
금 6A,6B",산격동 캠퍼스  교육대학원211,사범대학,교육학과,,배민정,
TCHR0528-006,2.00,2,0,특수교육학개론,*,교직,"금 7A,7B
금 8A,8B",산격동 캠퍼스  교육대학원211,사범대학,교육학과,,배민정,
TCHR0528-007,2.00,2,0,특수교육학개론,*,교직,"월 5A,5B
월 6A,6B",산격동 캠퍼스  우당교육관201,사범대학,교육학과,,정경희,
TCHR0529-001,2.00,2,0,교직실무,*,교직,"월 3A,3B
월 4A,4B",산격동 캠퍼스  교육대학원113,사범대학,교육학과,,박균섭,
TCHR0529-002,2.00,2,0,교직실무,*,교직,,,사범대학,교육학과,,,신규 임용 예정
TCHR0529-003,2.00,2,0,교직실무,*,교직,"목 9A,9B
목 10A,10B",산격동 캠퍼스  교육대학원211,사범대학,교육학과,,김영주,
TCHR0529-004,2.00,2,0,교직실무,*,교직,"화 7A,7B
화 8A,8B",산격동 캠퍼스  교육대학원201,사범대학,교육학과,,,신규 임용 예정
TCHR0529-005,2.00,2,0,교직실무,*,교직,"수 9A,9B
수 10A,10B",산격동 캠퍼스  교육대학원201,사범대학,교육학과,,김우철,
TCHR0529-006,2.00,2,0,교직실무,*,교직,"금 8A,8B
금 9A,9B",산격동 캠퍼스  교육대학원201,사범대학,교육학과,,박명심,
TCHR0551-001,1.00,0,30,교육봉사활동 1,*,교직,,,사범대학,교육학과,,홍성구,
TCHR0552-002,2.00,0,60,교육봉사활동 2,*,교직,,,사범대학,교육학과,,홍성구,
TCHR0601-001,2.00,2,0,교육과정,*,교직,"월 7A,7B
월 8A,8B",산격동 캠퍼스  교육대학원113,사범대학,교육학과,,강현석,
TCHR0601-002,2.00,2,0,교육과정,*,교직,"목 3A,3B
목 4A,4B",산격동 캠퍼스  우당교육관201,사범대학,교육학과,,김수영,
TCHR0601-003,2.00,2,0,교육과정,*,교직,"목 7A,7B
목 8A,8B",산격동 캠퍼스  교육대학원211,사범대학,교육학과,,김수영,
TCHR0601-004,2.00,2,0,교육과정,*,교직,"화 5A,5B
화 6A,6B",산격동 캠퍼스  교육대학원201,사범대학,교육학과,,이지은,
TCHR0601-005,2.00,2,0,교육과정,*,교직,"화 7A,7B
화 8A,8B",산격동 캠퍼스  교육대학원211,사범대학,교육학과,,이지은,
TCHR0604-002,2.00,2,0,교육방법및교육공학,*,교직,"수 5A,5B
수 6A,6B",산격동 캠퍼스  교육대학원113,사범대학,교육학과,,석보영,
TCHR0604-003,2.00,2,0,교육방법및교육공학,*,교직,"수 7A,7B
수 8A,8B",산격동 캠퍼스  교육대학원113,사범대학,교육학과,,석보영,
TCHR0604-004,2.00,2,0,교육방법및교육공학,*,교직,"화 5A,5B
화 6A,6B",산격동 캠퍼스  교육대학원206,사범대학,교육학과,,박기용,
TCHR0604-005,2.00,2,0,교육방법및교육공학,*,교직,"화 7A,7B
화 8A,8B",산격동 캠퍼스  교육대학원206,사범대학,교육학과,,박기용,
TCHR0604-006,2.00,2,0,교육방법및교육공학,*,교직,"목 7A,7B
목 8A,8B",산격동 캠퍼스  교육대학원206,사범대학,교육학과,,박기용,
TCHR0606-001,2.00,2,0,교육사회,*,교직,"월 3A,3B
월 4A,4B",산격동 캠퍼스  교육대학원211,사범대학,교육학과,,김경식,
TCHR0606-002,2.00,2,0,교육사회,*,교직,"목 3A,3B
목 4A,4B",산격동 캠퍼스  교육대학원113,사범대학,교육학과,,,
TCHR0606-003,2.00,2,0,교육사회,*,교직,"수 9A,9B
수 10A,10B",산격동 캠퍼스  교육대학원211,사범대학,교육학과,,서봉언,
TCHR0606-004,2.00,2,0,교육사회,*,교직,"화 3A,3B
화 4A,4B",산격동 캠퍼스  교육대학원201,사범대학,교육학과,,박명희,
TCHR0606-005,2.00,2,0,교육사회,*,교직,"금 7A,7B
금 8A,8B",산격동 캠퍼스  교육대학원301,사범대학,교육학과,,김원영,
TCHR0607-002,2.00,2,0,교육심리,*,교직,"화 3A,3B
화 4A,4B",산격동 캠퍼스  교육대학원113,사범대학,교육학과,,,신규 임용 예정
TCHR0607-003,2.00,2,0,교육심리,*,교직,"수 3A,3B
수 4A,4B",산격동 캠퍼스  교육대학원201,사범대학,교육학과,,,신규 임용 예정
TCHR0607-004,2.00,2,0,교육심리,*,교직,"월 5A,5B
월 6A,6B",산격동 캠퍼스  교육대학원201,사범대학,교육학과,,,신규 임용 예정
TCHR0607-005,2.00,2,0,교육심리,*,교직,"목 6A,6B
목 7A,7B",산격동 캠퍼스  교육대학원201,사범대학,교육학과,,,신규 임용 예정
TCHR0607-006,2.00,2,0,교육심리,*,교직,"목 8A,8B
목 9A,9B",산격동 캠퍼스  교육대학원201,사범대학,교육학과,,,신규 임용 예정
TCHR0609-002,2.00,2,0,교육철학및교육사,*,교직,"월 1A,1B
월 2A,2B",산격동 캠퍼스  교육대학원113,사범대학,교육학과,,박균섭,
TCHR0609-003,2.00,2,0,교육철학및교육사,*,교직,"화 3A,3B
화 4A,4B",산격동 캠퍼스  교육대학원211,사범대학,교육학과,,송수진,
TCHR0609-004,2.00,2,0,교육철학및교육사,*,교직,"목 3A,3B
목 4A,4B",산격동 캠퍼스  교육대학원211,사범대학,교육학과,,송수진,
TCHR0609-005,2.00,2,0,교육철학및교육사,*,교직,"월 5A,5B
월 6A,6B",산격동 캠퍼스  교육대학원113,사범대학,교육학과,,박청미,
TCHR0609-006,2.00,2,0,교육철학및교육사,*,교직,"금 3A,3B
금 4A,4B",산격동 캠퍼스  교육대학원301,사범대학,교육학과,,이경숙,
TCHR0610-002,2.00,2,0,교육평가,*,교직,"목 3A,3B
목 4A,4B",산격동 캠퍼스  교육대학원101,사범대학,교육학과,,손원숙,
TCHR0610-003,2.00,2,0,교육평가,*,교직,"수 1A,1B
수 2A,2B",산격동 캠퍼스  교육대학원211,사범대학,교육학과,,유신복,
TCHR0610-004,2.00,2,0,교육평가,*,교직,"수 3A,3B
수 4A,4B",산격동 캠퍼스  교육대학원211,사범대학,교육학과,,유신복,
TCHR0610-005,2.00,2,0,교육평가,*,교직,"화 8A,8B
화 9A,9B",산격동 캠퍼스  교육대학원211,사범대학,교육학과,,,신규 임용 예정
TCHR0610-006,2.00,2,0,교육평가,*,교직,"월 3A,3B
월 4A,4B",산격동 캠퍼스  교육대학원201,사범대학,교육학과,,박민애,
TCHR0611-002,2.00,2,0,교육학개론,*,교직,"금 6A,6B
금 7A,7B",산격동 캠퍼스  교육대학원113,사범대학,교육학과,,박균섭,
TCHR0611-003,2.00,2,0,교육학개론,*,교직,"월 7A,7B
월 8A,8B",산격동 캠퍼스  교육대학원201,사범대학,교육학과,,박청미,
TCHR0611-004,2.00,2,0,교육학개론,*,교직,"목 5A,5B
목 6A,6B",산격동 캠퍼스  교육대학원211,사범대학,교육학과,,송수진,
TCHR0611-005,2.00,2,0,교육학개론,*,교직,"화 7A,7B
화 8A,8B",산격동 캠퍼스  교육대학원113,사범대학,교육학과,,현영섭,
TCHR0611-006,2.00,2,0,교육학개론,*,교직,"목 7A,7B
목 8A,8B",산격동 캠퍼스  우당교육관201,사범대학,교육학과,,신은경,
TCHR0612-001,2.00,2,0,교육행정및교육경영,*,교직,"화 5A,5B
화 6A,6B",산격동 캠퍼스  교육대학원113,사범대학,교육학과,,강호수,
TCHR0612-002,2.00,2,0,교육행정및교육경영,*,교직,"월 5A,5B
월 6A,6B",산격동 캠퍼스  교육대학원211,사범대학,교육학과,,정은경,
TCHR0612-003,2.00,2,0,교육행정및교육경영,*,교직,"월 7A,7B
월 8A,8B",산격동 캠퍼스  교육대학원211,사범대학,교육학과,,정은경,
TCHR0612-004,2.00,2,0,교육행정및교육경영,*,교직,"수 5A,5B
수 6A,6B",산격동 캠퍼스  교육대학원301,사범대학,교육학과,,정은경,
TCHR0612-005,2.00,2,0,교육행정및교육경영,*,교직,"수 7A,7B
수 8A,8B",산격동 캠퍼스  교육대학원206,사범대학,교육학과,,정은경,
TCHR0621-001,3.00,3,0,교육학교육론,3,교직,"화 7A,7B,8A
목 7A,7B,8A",산격동 캠퍼스  사범대학811,사범대학,교육학과,,강현석,
CLTR0003-002,3.00,3,0,실용화법,*,교양,"수 1A,1B,2A
금 2B,3A,3B",산격동 캠퍼스  사범대학215,사범대학,국어교육과,,김령환,
CLTR0016-007,3.00,3,0,교양한문,1,교양,"월 5B,6A,6B
금 5B,6A,6B",산격동 캠퍼스  사범대학215,사범대학,국어교육과,,우지영,
CLTR0041-015,3.00,3,0,한국사,1,교양,"화 8B,9A,9B
목 8B,9A,9B",산격동 캠퍼스  사범대학215,사범대학,국어교육과,,김명자,
CLTR0205-029,3.00,3,0,대학글쓰기,1,교양,"수 8B,9A,9B
금 8B,9A,9B",산격동 캠퍼스  우당교육관201,사범대학,국어교육과,,,
TCHR0622-001,3.00,3,0,국어교육론,2,교직,"월 5B,6A,6B
수 5B,6A,6B",산격동 캠퍼스  사범대학607,사범대학,국어교육과,,김혜정,
TCHR0662-001,3.00,3,0,국어교재연구및지도법,4,교직,"월 5A,5B
월 6A,6B
수 5A,5B
수 6A,6B",산격동 캠퍼스  교육대학원108,사범대학,국어교육과,,고춘화,
CLTR0078-003,3.00,3,0,심리학의이해,2,교양,"월 7A,7B,8A
금 7A,7B,8A",산격동 캠퍼스  사범대학215,사범대학,영어교육과,,진영선,
CLTR0205-030,3.00,3,0,대학글쓰기,1,교양,"월 7A,7B,8A
금 7A,7B,8A",산격동 캠퍼스  사범대학216,사범대학,영어교육과,,,
TCHR0663-001,3.00,3,0,영어교재연구및지도법,4,교직,"화 7A,7B
화 8A,8B
목 7A,7B
목 8A,8B",산격동 캠퍼스  사범대학508,사범대학,영어교육과,,최성묵,
CLTR0042-002,3.00,3,0,동양의역사와문화,*,교양,"화 5B,6A,6B
목 5B,6A,6B",산격동 캠퍼스  사범대학217,사범대학,역사교육과,,이영철,
CLTR0525-001,3.00,3,0,영국의 역사와 문화,*,교양,"월 8B,9A,9B
수 7A,7B,8A",산격동 캠퍼스  사범대학217,사범대학,역사교육과,,김중락,
TCHR0628-001,3.00,3,0,역사교육론,3,교직,"월 5B,6A,6B
월 7A,7B,8A",산격동 캠퍼스  사범대학707,사범대학,역사교육과,,윤세병,
TCHR0668-001,3.00,3,0,역사교재연구및지도법,4,교직,"화 8A,8B
화 9A,9B
화 10A,10B
화 11A,11B
화 12A,12B",산격동 캠퍼스  우당교육관104,사범대학,역사교육과,,이상훈,
TCHR0442-001,3.00,3,0,통합사회교육론,2,교직,"수 10A,10B,11A
수 11B,12A,12B",산격동 캠퍼스  사범대학709,사범대학,지리교육과,,,신규임용 강사 담당 예정
TCHR0476-001,3.00,3,0,지리 논리 및 논술지도,4,교직,"화 5A,5B
화 6A,6B
목 5A,5B
목 6A,6B",산격동 캠퍼스  사범대학710,사범대학,지리교육과,,조철기,
TCHR0633-001,3.00,3,0,지리교육론,3,교직,"화 1A,1B,2A
목 1A,1B,2A",산격동 캠퍼스  사범대학709,사범대학,지리교육과,,조철기,
CLTR0112-003,3.00,3,0,생활속의통계,1,교양,"월 1A,1B,2A
수 2B,3A,3B",산격동 캠퍼스  사범대학215,사범대학,일반사회교육과,,이주희,
CLTR0814-001,3.00,3,0,인문사회 기초수학,1,교양,"수 8B,9A,9B
금 8B,9A,9B",산격동 캠퍼스  사범대학216,사범대학,일반사회교육과,,,신규 강사 담당 예정
TCHR0474-001,3.00,3,0,일반사회 논리 및 논술지도,4,교직,"목 9A,9B
목 10A,10B
목 11A,11B
목 12A,12B",산격동 캠퍼스  사범대학807,사범대학,일반사회교육과,,신경희,
TCHR0631-001,3.00,3,0,일반사회교육론,3,교직,"수 7A,7B,8A
수 8B,9A,9B",산격동 캠퍼스  우당교육관112,사범대학,일반사회교육과,,윤노아,
TCHR0671-001,3.00,3,0,일반사회교재연구및지도법,4,교직,"수 2A,2B
수 3A,3B
수 4A,4B
수 5A,5B",산격동 캠퍼스  우당교육관112,사범대학,일반사회교육과,,윤노아,
CLTR0073-003,3.00,3,0,현대사회와 윤리,*,교양,"수 1A,1B,2A
금 2B,3A,3B",산격동 캠퍼스  우당교육관201,사범대학,윤리교육과,,,
CLTR0248-001,3.00,3,0,한국사상과 윤리,*,교양,"화 7A,7B,8A
목 7A,7B,8A",산격동 캠퍼스  사범대학217,사범대학,윤리교육과,,이영경,
CLTR0620-001,3.00,3,0,통일과 남북한 관계의 이해,*,교양,"금 1A,1B,2A
금 2B,3A,3B",산격동 캠퍼스  교육대학원101,사범대학,윤리교육과,,김영하,
TCHR0467-001,3.00,3,0,도덕·윤리 논리 및 논술지도,3,교직,"화 8B,9A,9B
목 8B,9A,9B",산격동 캠퍼스  사범대학309,사범대학,윤리교육과,,이정렬,
TCHR0588-001,3.00,3,0,도덕·윤리교재연구및지도법,4,교직,"월 2A,2B
월 3A,3B
수 2A,2B
수 3A,3B",산격동 캠퍼스  사범대학309,사범대학,윤리교육과,,이정렬,
CLTR0045-014,3.00,3,0,논리와 비판적 사고,2,교양,"화 1A,1B,2A
목 2B,3A,3B",산격동 캠퍼스  사범대학216,사범대학,수학교육과,,,
TCHR0578-001,3.00,3,0,중학교수학교재연구및지도법,3,교직,"화 1A,1B,2A
목 2B,3A,3B",산격동 캠퍼스  자연과학대학101,사범대학,수학교육과,,이봉주,
CLTR0211-027,3.00,3,0,수학 I,1,교양,"월 8B,9A,9B
수 7A,7B,8A",산격동 캠퍼스  사범대학215,사범대학,물리교육과,,,
CLTR0820-004,3.00,3,0,기초수학1,1,교양,"월 2B,3A,3B
금 1A,1B,2A",산격동 캠퍼스  사범대학215,사범대학,물리교육과,,,
TCHR0469-001,3.00,3,0,물리 논리 및 논술지도,2,교직,"금 1A,1B
금 2A,2B
금 3A,3B",산격동 캠퍼스  제1과학관313,사범대학,물리교육과,,윤은정,
TCHR0636-001,3.00,3,0,물리교육론,3,교직,"화 7A,7B,8A
목 7A,7B,8A",산격동 캠퍼스  제1과학관313,사범대학,물리교육과,,하상우,
TCHR0676-001,3.00,3,0,물리교재연구및지도법,4,교직,"월 5A,5B
월 6A,6B
수 1A,1B
수 2A,2B
수 3A,3B",산격동 캠퍼스  제1과학관313,사범대학,물리교육과,,하상우,
TCHR0677-001,3.00,3,0,화학교재연구및지도법,4,교직,"화 7A,7B
화 8A,8B
목 7A,7B
목 8A,8B",산격동 캠퍼스  화학관112,사범대학,화학교육과,,박종석,
CLTR0041-017,3.00,3,0,한국사,2,교양,"화 1A,1B,2A
목 2B,3A,3B",산격동 캠퍼스  사범대학215,사범대학,생물교육과,,김정운,
CLTR0210-027,3.00,3,0,명저읽기와 토론,*,교양,"월 8B,9A,9B
수 7A,7B,8A",산격동 캠퍼스  교육대학원101,사범대학,생물교육과,,채권석,
CLTR0822-006,3.00,3,0,화학입문,1,교양,"월 1A,1B,2A
수 2B,3A,3B",산격동 캠퍼스  화학관120,사범대학,생물교육과,,윤민영,
TCHR0561-001,3.00,3,0,생명과학교육론,3,교직,"월 5B,6A,6B
수 5B,6A,6B",산격동 캠퍼스  생물학관126,사범대학,생물교육과,,임수민,
TCHR0563-001,3.00,3,0,생명과학 논리 및 논술지도,4,교직,"월 2A,2B
월 3A,3B
수 1A,1B
수 2A,2B
수 3A,3B",산격동 캠퍼스  생물학관B01,사범대학,생물교육과,,임수민,
CLTR0041-018,3.00,3,0,한국사,2,교양,"화 8B,9A,9B
목 8B,9A,9B",산격동 캠퍼스  교육대학원101,사범대학,지구과학교육과,,,신규 강사 또는 기존 강사 중 담당 예정
TCHR0679-001,3.00,3,0,지구과학교재연구및지도법,4,교직,"화 5A,5B
화 6A,6B
목 5A,5B
목 6A,6B
목 7A,7B",산격동 캠퍼스  제2과학관130,사범대학,지구과학교육과,,이효녕,
CLTR0041-016,3.00,3,0,한국사,1,교양,"수 8B,9A,9B
금 8B,9A,9B",산격동 캠퍼스  사범대학215,사범대학,가정교육과,,,신규 강사 또는 기존 강사 중 담당 예정
CLTR0078-004,3.00,3,0,심리학의이해,1,교양,"금 2B,3A,3B
금 4A,4B,5A",산격동 캠퍼스  사범대학216,사범대학,가정교육과,,김지근,
CLTR0102-001,3.00,3,0,자연과학의이해,1,교양,"월 5B,6A,6B
금 5B,6A,6B",산격동 캠퍼스  사범대학216,사범대학,가정교육과,,김창득,
CLTR0843-001,3.00,3,0,지속가능발전교육과 삶의 실천,*,교양,"수 8B,9A,9B
금 8B,9A,9B",산격동 캠퍼스  교육대학원101,사범대학,가정교육과,,이효림,
TCHR0589-001,3.00,3,0,가정과교육론,2,교직,,,사범대학,가정교육과,,김은정,
CLTR0180-001,1.00,0,2,골프,*,교양,"월 5A,5B
월 6A,6B",산격동 캠퍼스  제2체육관112,사범대학,체육교육과,,길민정,
CLTR0180-002,1.00,0,2,골프,*,교양,"화 5A,5B
화 6A,6B",산격동 캠퍼스  제2체육관112,사범대학,체육교육과,,김은지,
CLTR0180-003,1.00,0,2,골프,*,교양,"수 5A,5B
수 6A,6B",산격동 캠퍼스  제2체육관112,사범대학,체육교육과,,길민정,
CLTR0180-004,1.00,0,2,골프,*,교양,"금 5A,5B
금 6A,6B",산격동 캠퍼스  제2체육관112,사범대학,체육교육과,,선민규,
CLTR0181-001,1.00,0,2,호신술,*,교양,"목 3A,3B
목 4A,4B",산격동 캠퍼스  제2체육관B109,사범대학,체육교육과,,차무성,
CLTR0181-002,1.00,0,2,호신술,*,교양,"목 6A,6B
목 7A,7B",산격동 캠퍼스  제2체육관B109,사범대학,체육교육과,,차무성,
CLTR0181-003,1.00,0,2,호신술,*,교양,"금 1A,1B
금 2A,2B",산격동 캠퍼스  제2체육관B109,사범대학,체육교육과,,김준수,
CLTR0183-001,1.00,0,2,캠핑,*,교양,"목 5A,5B
목 6A,6B
금 9A,9B
금 10A,10B
금 11A,11B
금 12A,12B
금 13A,13B
토 1A,1B
토 2A,2B
토 3A,3B
토 4A,4B
토 5A,5B
토 6A,6B
토 7A,7B",산격동 캠퍼스  제2체육관B101,사범대학,체육교육과,,한윤수,
CLTR0210-021,3.00,3,0,명저읽기와 토론,1,교양,"월 8B,9A,9B
수 7A,7B,8A",산격동 캠퍼스  제1체육관219,사범대학,체육교육과,,김경오,
CLTR0401-001,2.00,1,2,체력 컨디셔닝,*,교양,"화 7A,7B
화 8A,8B
화 9A,9B","산격동 캠퍼스  제1체육관219,1",사범대학,체육교육과,,박현권,
CLTR0652-002,1.00,0,2,생활테니스,*,교양,"화 5A,5B
화 6A,6B",산격동 캠퍼스  테니스장대기실101,사범대학,체육교육과,,박성기,
CLTR0652-003,1.00,0,2,생활테니스,*,교양,"수 7A,7B
수 8A,8B",산격동 캠퍼스  테니스장대기실101,사범대학,체육교육과,,박현식,
CLTR0652-004,1.00,0,2,생활테니스,*,교양,"목 3A,3B
목 4A,4B",산격동 캠퍼스  테니스장대기실101,사범대학,체육교육과,,박현식,
CLTR0652-005,1.00,0,2,생활테니스,*,교양,"금 7A,7B
금 8A,8B",산격동 캠퍼스  테니스장대기실101,사범대학,체육교육과,,최승우,
CLTR0654-001,1.00,0,2,댄스스포츠,*,교양,"월 7A,7B
월 8A,8B",산격동 캠퍼스  제2체육관201,사범대학,체육교육과,,박찬숙,
CLTR0654-002,1.00,0,2,댄스스포츠,*,교양,"화 7A,7B
화 8A,8B",산격동 캠퍼스  제2체육관201,사범대학,체육교육과,,이은하,
CLTR0654-003,1.00,0,2,댄스스포츠,*,교양,"수 7A,7B
수 8A,8B",산격동 캠퍼스  제2체육관201,사범대학,체육교육과,,권세영,
CLTR0654-004,1.00,0,2,댄스스포츠,*,교양,"목 2A,2B
목 3A,3B",산격동 캠퍼스  제2체육관201,사범대학,체육교육과,,이은하,
CLTR0657-001,1.00,0,2,생활배드민턴,*,교양,"월 3A,3B
월 4A,4B",산격동 캠퍼스  제2체육관101,사범대학,체육교육과,,장지형,
CLTR0657-002,1.00,0,2,생활배드민턴,*,교양,"화 5A,5B
화 6A,6B",산격동 캠퍼스  제2체육관101,사범대학,체육교육과,,장지형,
CLTR0657-003,1.00,0,2,생활배드민턴,*,교양,"수 3A,3B
수 4A,4B",산격동 캠퍼스  제2체육관101,사범대학,체육교육과,,장지형,
CLTR0658-001,1.00,0,2,생활수영,*,교양,"월 1A,1B
월 2A,2B",산격동 캠퍼스  수영장101,사범대학,체육교육과,,정재후,
CLTR0658-002,1.00,0,2,생활수영,*,교양,"화 1A,1B
화 2A,2B",산격동 캠퍼스  수영장101,사범대학,체육교육과,,정재후,
CLTR0658-003,1.00,0,2,생활수영,*,교양,"수 1A,1B
수 2A,2B",산격동 캠퍼스  수영장101,사범대학,체육교육과,,권명화,
CLTR0658-004,1.00,0,2,생활수영,*,교양,"목 1A,1B
목 2A,2B",산격동 캠퍼스  수영장101,사범대학,체육교육과,,정재후,
CLTR0658-005,1.00,0,2,생활수영,*,교양,"금 1A,1B
금 2A,2B",산격동 캠퍼스  수영장101,사범대학,체육교육과,,권명화,
TCHR0477-001,3.00,3,0,체육 논리 및 논술지도,4,교직,"화 7A,7B
화 8A,8B
화 9A,9B
목 8A,8B
목 9A,9B",산격동 캠퍼스  제1체육관219,사범대학,체육교육과,,이규일,
TCHR0651-001,3.00,3,0,체육교육론,3,교직,"화 7A,7B,8A
화 8B,9A,9B",산격동 캠퍼스  제1체육관217,사범대학,체육교육과,,박성기,
TCHR0655-001,3.00,3,0,기술교육론,3,교직,,,사범대학,기술·가정교육전공,,,
CLTR0210-019,3.00,3,0,명저읽기와 토론,*,교양,"화 7A,7B,8A
목 7A,7B,8A",산격동 캠퍼스  사범대학711,사범대학,사범대학,,손철성,
CLTR0768-001,3.00,3,0,글로벌· 다문화 사회와 미래교육,*,교양,"화 10A,10B,11A
화 11B,12A,12B",산격동 캠퍼스  사범대학216,사범대학,사범대학,,고민경,
CLTR0043-004,3.00,3,0,서양의역사와문화,1,교양,"화 5B,6A,6B
목 5B,6A,6B",산격동 캠퍼스  사범대학215,사범대학,유럽어교육학부,불어교육전공,남철호,
CLTR0205-031,3.00,3,0,대학글쓰기,1,교양,"월 5B,6A,6B
금 5B,6A,6B",산격동 캠퍼스  교육대학원101,사범대학,유럽어교육학부,독어교육전공,,
CLTR0501-002,3.00,3,0,한국의 언어와 문학,2,교양,"월 2B,3A,3B
금 1A,1B,2A",산격동 캠퍼스  사범대학216,사범대학,유럽어교육학부,불어교육전공,이철희,
TCHR0478-001,3.00,3,0,프랑스어 논리 및 논술지도,3,교직,"월 5B,6A,6B
금 5B,6A,6B",산격동 캠퍼스  사범대학507,사범대학,유럽어교육학부,불어교육전공,김형래,
TCHR0581-001,3.00,3,0,독일어교육론,3,교직,"월 2B,3A,3B
수 1A,1B,2A",산격동 캠퍼스  사범대학511,사범대학,유럽어교육학부,독어교육전공,손성호,
TCHR0582-001,3.00,3,0,독일어교재연구및지도법,4,교직,"월 7A,7B
월 8A,8B
수 7A,7B
수 8A,8B",산격동 캠퍼스  사범대학511,사범대학,유럽어교육학부,독어교육전공,손성호,
TCHR0584-001,3.00,3,0,프랑스어교재연구및지도법,4,교직,"월 8A,8B
월 9A,9B
금 8A,8B
금 9A,9B","산격동 캠퍼스  사범대학308,507",사범대학,유럽어교육학부,불어교육전공,김형래,
TCHR0444-001,3.00,3,0,통합과학 논리 및 논술지도,3,교직,"금 1A,1B
금 2A,2B
금 3A,3B",산격동 캠퍼스  제2과학관218,사범대학,통합과학교육전공,,,신규 강사 채용
TCHR0441-001,3.00,3,0,통합사회 논리 및 논술지도,3,교직,"월 5B,6A,6B
수 5B,6A,6B",산격동 캠퍼스  사범대학410,사범대학,통합사회교육전공,,표광민,
CLTR0205-035,3.00,3,0,대학글쓰기,1,교양,"화 5B,6A,6B
목 5B,6A,6B",산격동 캠퍼스  제4합동강의동407,의과대학,의예과,,,
CLTR0205-036,3.00,3,0,대학글쓰기,1,교양,"화 5B,6A,6B
목 5B,6A,6B",산격동 캠퍼스  제4합동강의동402,의과대학,의예과,,,
CLTR0205-037,3.00,3,0,대학글쓰기,1,교양,"화 5B,6A,6B
목 5B,6A,6B",산격동 캠퍼스  제4합동강의동201,의과대학,의예과,,,
CLTR0205-038,3.00,3,0,대학글쓰기,1,교양,"화 5B,6A,6B
목 5B,6A,6B",산격동 캠퍼스  생물학관B01,의과대학,의예과,,,
CLTR0215-021,3.00,3,0,화학 I,1,교양,"화 2B,3A,3B
목 1A,1B,2A",산격동 캠퍼스  제4합동강의동407,의과대학,의예과,,조형화,
CLTR0215-022,3.00,3,0,화학 I,1,교양,"화 2B,3A,3B
목 1A,1B,2A",산격동 캠퍼스  제4합동강의동402,의과대학,의예과,,김동일,
CLTR0226-022,1.00,0,2,화학실험 I,1,교양,"화 7A,7B
화 8A,8B",산격동 캠퍼스  화학관118,의과대학,의예과,,이효선,
CLTR0226-023,1.00,0,2,화학실험 I,1,교양,"화 7A,7B
화 8A,8B",산격동 캠퍼스  화학관119,의과대학,의예과,,최상일,
CLTR0226-024,1.00,0,2,화학실험 I,1,교양,"수 7A,7B
수 8A,8B",산격동 캠퍼스  화학관119,의과대학,의예과,,조형화,
CLTR0226-025,1.00,0,2,화학실험 I,1,교양,"목 7A,7B
목 8A,8B",산격동 캠퍼스  화학관118,의과대학,의예과,,이홍인,
CLTR0226-026,1.00,0,2,화학실험 I,1,교양,"목 7A,7B
목 8A,8B",산격동 캠퍼스  화학관119,의과대학,의예과,,이효선,
CLTR0233-003,1.00,0,2,생물학실험 I,1,교양,"화 7A,7B
화 8A,8B",산격동 캠퍼스  생물학관202,의과대학,의예과,,배미정,
CLTR0233-004,1.00,0,2,생물학실험 I,1,교양,"수 5A,5B
수 6A,6B",산격동 캠퍼스  생물학관202,의과대학,의예과,,배미정,
CLTR0233-005,1.00,0,2,생물학실험 I,1,교양,"수 7A,7B
수 8A,8B",산격동 캠퍼스  생물학관202,의과대학,의예과,,배미정,
CLTR0233-006,1.00,0,2,생물학실험 I,1,교양,"목 7A,7B
목 8A,8B",산격동 캠퍼스  생물학관202,의과대학,의예과,,배미정,
CLTR0233-007,1.00,0,2,생물학실험 I,1,교양,"목 7A,7B
목 8A,8B",산격동 캠퍼스  생물학관310,의과대학,의예과,,구정숙,
CLTR0246-005,3.00,3,0,일반생명과학Ⅰ,1,교양,"수 1A,1B,2A
금 2B,3A,3B",산격동 캠퍼스  제4합동강의동407,의과대학,의예과,,최재신,
CLTR0246-006,3.00,3,0,일반생명과학Ⅰ,1,교양,"수 1A,1B,2A
금 2B,3A,3B",산격동 캠퍼스  제4합동강의동408,의과대학,의예과,,신선영,
CLTR0045-019,3.00,3,0,논리와 비판적 사고,1,교양,"월 8B,9A,9B
수 7A,7B,8A",,치과대학,치의예과,,,
CLTR0205-039,3.00,3,0,대학글쓰기,2,교양,"월 2B,3A,3B
금 1A,1B,2A",,치과대학,치의예과,,,
CLTR0205-040,3.00,3,0,대학글쓰기,2,교양,"월 2B,3A,3B
금 1A,1B,2A",,치과대학,치의예과,,,
CLTR0213-021,3.00,3,0,물리학 I,1,교양,"화 7A,7B,8A
목 7A,7B,8A",,치과대학,치의예과,,이일수,
CLTR0215-023,3.00,3,0,화학 I,1,교양,"화 2B,3A,3B
목 1A,1B,2A",,치과대학,치의예과,,최상일,
CLTR0226-027,1.00,0,2,화학실험 I,1,교양,"목 3A,3B
목 4A,4B",산격동 캠퍼스  화학관118,치과대학,치의예과,,이홍인,
CLTR0226-028,1.00,0,2,화학실험 I,1,교양,"목 3A,3B
목 4A,4B",산격동 캠퍼스  화학관119,치과대학,치의예과,,임종민,
CLTR0226-029,1.00,0,2,화학실험 I,1,교양,"목 5A,5B
목 6A,6B",산격동 캠퍼스  화학관119,치과대학,치의예과,,정맹준,
CLTR0085-005,3.00,3,0,경영의이해,2,교양,"화 8B,9A,9B
목 8B,9A,9B",산격동 캠퍼스  수의과대학1B104,수의과대학,수의예과,,박찬권,
CLTR0090-004,3.00,3,0,현대사회와법,1,교양,"화 7A,7B,8A
목 7A,7B,8A",산격동 캠퍼스  수의과대학1B104,수의과대학,수의예과,,김은수,
CLTR0842-001,3.00,3,0,반려동물과 함께하는 삶의 이해,*,교양,"월 8B,9A,9B
수 7A,7B,8A",산격동 캠퍼스  수의과대학1412,수의과대학,수의예과,,김성대,
CLTR0108-003,3.00,3,0,생명의신비,1,교양,"수 1A,1B,2A
금 2B,3A,3B",,생활과학대학,아동학부,,도금숙,
CLTR0210-023,3.00,3,0,명저읽기와 토론,1,교양,"화 8B,9A,9B
목 8B,9A,9B",산격동 캠퍼스  생활과학대학204,생활과학대학,아동학부,,배문조,
CLTR0210-024,3.00,3,0,명저읽기와 토론,1,교양,"화 8B,9A,9B
목 8B,9A,9B",산격동 캠퍼스  생활과학대학205,생활과학대학,아동학부,,임민정,
CLTR0608-001,3.00,3,0,결혼준비 교육,*,교양,"화 5B,6A,6B
목 5B,6A,6B",산격동 캠퍼스  생활과학대학401,생활과학대학,아동학부,,권혜민,
CLTR0609-001,3.00,3,0,성격의 재발견,*,교양,"월 2B,3A,3B
금 1A,1B,2A",산격동 캠퍼스  생활과학대학401,생활과학대학,아동학부,,성다겸,
TCHR0522-008,2.00,0,4,학교현장실습,4,교직,,,생활과학대학,아동학부,아동학전공,김춘경,
TCHR0619-001,3.00,3,0,유아교육교과교육론,3,교직,"월 8B,9A,9B
수 8B,9A,9B",산격동 캠퍼스  생활과학대학413,생활과학대학,아동학부,아동학전공,김정희,
CLTR0188-001,3.00,3,0,현대인과 패션,*,교양,"월 5B,6A,6B
금 5B,6A,6B",산격동 캠퍼스  생활과학대학402,생활과학대학,의류학과,,권기영,
CLTR0210-022,3.00,3,0,명저읽기와 토론,1,교양,"월 7A,7B,8A
금 7A,7B,8A",산격동 캠퍼스  생활과학대학402,생활과학대학,의류학과,,권기영,
TCHR0571-001,3.00,3,0,의류교육론,3,교직,"월 1A,1B
월 2A,2B
월 3A,3B",산격동 캠퍼스  생활과학대학410,생활과학대학,의류학과,,김희은,
CLTR0187-001,3.00,3,0,현대인의 식생활,*,교양,"월 8B,9A,9B
수 7A,7B,8A",산격동 캠퍼스  생활과학대학401,생활과학대학,식품영양학과,,이연경,
CLTR0112-004,3.00,3,0,생활속의통계,1,교양,"화 2B,3A,3B
목 1A,1B,2A",산격동 캠퍼스  제4합동강의동408,간호대학,간호학과,,윤연옥,
CLTR0112-005,3.00,3,0,생활속의통계,1,교양,"화 2B,3A,3B
목 1A,1B,2A",산격동 캠퍼스  제4합동강의동105,간호대학,간호학과,,조교영,
CLTR0205-032,3.00,3,0,대학글쓰기,1,교양,"화 7A,7B,8A
목 7A,7B,8A",산격동 캠퍼스  제4합동강의동408,간호대학,간호학과,,,
CLTR0205-033,3.00,3,0,대학글쓰기,1,교양,"화 7A,7B,8A
목 7A,7B,8A",산격동 캠퍼스  제4합동강의동407,간호대학,간호학과,,,
CLTR0205-034,3.00,3,0,대학글쓰기,1,교양,"화 7A,7B,8A
목 7A,7B,8A",,간호대학,간호학과,,,
CLTR0246-003,3.00,3,0,일반생명과학Ⅰ,1,교양,"화 5B,6A,6B
목 5B,6A,6B",산격동 캠퍼스  제4합동강의동408,간호대학,간호학과,,유정아,
CLTR0246-004,3.00,3,0,일반생명과학Ⅰ,1,교양,"화 5B,6A,6B
목 5B,6A,6B",산격동 캠퍼스  제4합동강의동105,간호대학,간호학과,,최재신,
CLTR0619-001,3.00,3,0,웰빙과 건강,*,교양,"월 2B,3A,3B
금 1A,1B,2A",산격동 캠퍼스  제4합동강의동407,간호대학,간호학과,,이명경,
CLTR0823-002,3.00,3,0,생명과학입문,1,교양,"화 1A,1B,2A
목 2B,3A,3B",산격동 캠퍼스  제4합동강의동408,간호대학,간호학과,,유정아,
TCHR0522-009,2.00,0,4,학교현장실습,4,교직,,,간호대학,간호학과,,최은숙,교직 교육실습(4주)
CLTR0205-050,3.00,3,0,대학글쓰기,1,교양,"화 8B,9A,9B
목 8B,9A,9B",산격동 캠퍼스  제4합동강의동105,약학대학,약학과,,,
CLTR0212-002,3.00,3,0,수학 II,1,교양,"수 1A,1B,2A
금 2B,3A,3B",산격동 캠퍼스  제4합동강의동105,약학대학,약학과,,,
CLTR0215-029,3.00,3,0,화학 I,1,교양,"화 7A,7B,8A
목 7A,7B,8A",산격동 캠퍼스  제4합동강의동105,약학대학,약학과,,권윤,
CLTR0226-030,1.00,0,2,화학실험 I,1,교양,"목 5A,5B
목 6A,6B",산격동 캠퍼스  화학관118,약학대학,약학과,,윤민영,
CLTR0226-031,1.00,0,2,화학실험 I,1,교양,"금 5A,5B
금 6A,6B",산격동 캠퍼스  화학관118,약학대학,약학과,,이효선,
CLTR0233-008,1.00,0,2,생물학실험 I,1,교양,"화 1A,1B
화 2A,2B",산격동 캠퍼스  생물학관202,약학대학,약학과,,이영미,
CLTR0233-009,1.00,0,2,생물학실험 I,1,교양,"목 1A,1B
목 2A,2B",산격동 캠퍼스  생물학관202,약학대학,약학과,,이영미,
CLTR0246-010,3.00,3,0,일반생명과학Ⅰ,1,교양,"월 8B,9A,9B
수 7A,7B,8A",산격동 캠퍼스  제4합동강의동105,약학대학,약학과,,변준규,
CLTR0011-003,3.00,3,0,중국어1,1,교양,"화 5B,6A,6B
목 5B,6A,6B",산격동 캠퍼스  KNU글로벌프라자402,자율전공부,인문사회자율전공,,박세욱,
CLTR0022-002,3.00,3,0,프랑스어1,1,교양,"화 1A,1B,2A
목 2B,3A,3B",산격동 캠퍼스  KNU글로벌프라자402,자율전공부,인문사회자율전공,,김귀원,
CLTR0024-003,3.00,3,0,독일어1,1,교양,"월 1A,1B,2A
수 2B,3A,3B",산격동 캠퍼스  KNU글로벌프라자402,자율전공부,인문사회자율전공,,김성희,
CLTR0042-003,3.00,3,0,동양의역사와문화,1,교양,"월 8B,9A,9B
수 7A,7B,8A",산격동 캠퍼스  KNU글로벌프라자501,자율전공부,인문사회자율전공,,이학로,
CLTR0044-003,3.00,3,0,철학의이해,1,교양,"월 2B,3A,3B
금 1A,1B,2A",산격동 캠퍼스  KNU글로벌프라자502,자율전공부,인문사회자율전공,,,
CLTR0045-015,3.00,3,0,논리와 비판적 사고,1,교양,"화 2B,3A,3B
목 1A,1B,2A",산격동 캠퍼스  KNU글로벌프라자501,자율전공부,인문사회자율전공,,,
CLTR0045-016,3.00,3,0,논리와 비판적 사고,1,교양,"화 2B,3A,3B
목 1A,1B,2A",산격동 캠퍼스  KNU글로벌프라자502,자율전공부,인문사회자율전공,,,
CLTR0083-006,3.00,3,0,경제의이해,1,교양,"화 7A,7B,8A
목 7A,7B,8A",산격동 캠퍼스  KNU글로벌프라자502,자율전공부,인문사회자율전공,,오종석,
CLTR0815-005,3.00,3,0,인문사회 기초통계,1,교양,"월 7A,7B,8A
금 7A,7B,8A",산격동 캠퍼스  KNU글로벌프라자501,자율전공부,인문사회자율전공,,,신규 강사 담당 예정
CLTR0815-006,3.00,3,0,인문사회 기초통계,1,교양,"월 7A,7B,8A
금 7A,7B,8A",산격동 캠퍼스  KNU글로벌프라자402,자율전공부,인문사회자율전공,,,신규 강사 담당 예정
FUTR0210-001,1.00,1,0,전공탐색,1,일반선택,"수 4A,4B",산격동 캠퍼스  KNU글로벌프라자501,자율전공부,인문사회자율전공,,김지근,
FUTR0210-002,1.00,1,0,전공탐색,1,일반선택,"수 4A,4B",산격동 캠퍼스  KNU글로벌프라자502,자율전공부,인문사회자율전공,,캐서린 조,
CLTR0043-005,3.00,3,0,서양의역사와문화,1,교양,"월 7A,7B,8A
금 7A,7B,8A",산격동 캠퍼스  KNU글로벌프라자502,자율전공부,자연과학자율전공,,변정심,
CLTR0043-006,3.00,3,0,서양의역사와문화,1,교양,"월 7A,7B,8A
금 7A,7B,8A",산격동 캠퍼스  KNU글로벌프라자403,자율전공부,자연과학자율전공,,김건우,
CLTR0045-017,3.00,3,0,논리와 비판적 사고,1,교양,"월 2B,3A,3B
금 1A,1B,2A",산격동 캠퍼스  KNU글로벌프라자402,자율전공부,자연과학자율전공,,,
CLTR0045-018,3.00,3,0,논리와 비판적 사고,1,교양,"월 2B,3A,3B
금 1A,1B,2A",산격동 캠퍼스  KNU글로벌프라자403,자율전공부,자연과학자율전공,,,
CLTR0211-028,3.00,3,0,수학 I,1,교양,"월 1A,1B,2A
수 2B,3A,3B",산격동 캠퍼스  KNU글로벌프라자501,자율전공부,자연과학자율전공,,,
CLTR0211-029,3.00,3,0,수학 I,1,교양,"월 1A,1B,2A
수 2B,3A,3B",산격동 캠퍼스  KNU글로벌프라자403,자율전공부,자연과학자율전공,,,
CLTR0213-020,3.00,3,0,물리학 I,1,교양,"월 5B,6A,6B
금 5B,6A,6B",산격동 캠퍼스  KNU글로벌프라자402,자율전공부,자연과학자율전공,,박종구,
CLTR0215-020,3.00,3,0,화학 I,1,교양,"화 5B,6A,6B
목 5B,6A,6B",산격동 캠퍼스  KNU글로벌프라자403,자율전공부,자연과학자율전공,,민은선,
CLTR0223-026,1.00,0,2,물리학실험 I,1,교양,"목 1A,1B
목 2A,2B",산격동 캠퍼스  제1과학관B01-2,자율전공부,자연과학자율전공,,박정식,
CLTR0226-021,1.00,0,2,화학실험 I,1,교양,"수 7A,7B
수 8A,8B",산격동 캠퍼스  화학관118,자율전공부,자연과학자율전공,,최상일,
FUTR0210-003,1.00,1,0,전공탐색,1,일반선택,"수 4A,4B",산격동 캠퍼스  KNU글로벌프라자402,자율전공부,자연과학자율전공,,이동윤,
FUTR0210-004,1.00,1,0,전공탐색,1,일반선택,"수 4A,4B",산격동 캠퍼스  KNU글로벌프라자403,자율전공부,자연과학자율전공,,권영우,
CLTR0045-026,3.00,3,0,논리와 비판적 사고,1,교양,"화 8B,9A,9B
목 8B,9A,9B",산격동 캠퍼스  법학전문대학원101,행정학부,행정학부,,,
CLTR0061-002,3.00,3,0,정치학의 이해,2,교양,"수 8B,9A,9B
금 8B,9A,9B",산격동 캠퍼스  법학전문대학원205,행정학부,행정학부,,최병덕,
CLTR0091-001,3.00,3,0,현대사회와행정,1,교양,"월 8B,9A,9B
수 7A,7B,8A",산격동 캠퍼스  법학전문대학원101,행정학부,행정학부,,김태운,
CLTR0205-053,3.00,3,0,대학글쓰기,1,교양,"월 7A,7B,8A
금 7A,7B,8A",산격동 캠퍼스  법학전문대학원101,행정학부,행정학부,,,
CLTR0205-054,3.00,3,0,대학글쓰기,1,교양,"월 7A,7B,8A
금 7A,7B,8A",산격동 캠퍼스  법학전문대학원103,행정학부,행정학부,,,
CLTR0783-001,3.00,3,0,환경문제와 국가,*,교양,"화 5B,6A,6B
목 5B,6A,6B",산격동 캠퍼스  법학전문대학원205,행정학부,행정학부,,진상현,
CLTR0373-008,3.00,2,2,빅데이터 기초 실습,3,교양,"수 13A,13B
목 11A,11B
목 12A,12B
목 13A,13B",상주캠퍼스 제5호관201,생태환경대학,생태환경시스템학부,산림환경자원전공,최창훈,
CLTR0622-001,3.00,3,0,음식문화와 건강,4,교양,"수 11A,11B
수 12A,12B
수 13A,13B",상주캠퍼스 제6호관419,생태환경대학,생태환경시스템학부,산림환경자원전공,박모라,
CLTR0021-002,3.00,3,0,시사영어,*,교양,"화 7A,7B,8A
목 7A,7B,8A",상주캠퍼스 도서관 및 10호관301,생태환경대학,곤충생명과학과,,손지영,
CLTR0132-002,3.00,3,0,러시아문학의 이해,*,교양,"화 8B,9A,9B
목 8B,9A,9B",상주캠퍼스 도서관 및 10호관308,생태환경대학,곤충생명과학과,,박미정,
CLTR0210-025,3.00,3,0,명저읽기와 토론,1,교양,"화 1A,1B,2A
목 2B,3A,3B",상주캠퍼스 도서관 및 10호관201,생태환경대학,곤충생명과학과,,김동흔,
CLTR0233-012,1.00,0,2,생물학실험 I,1,교양,"수 8A,8B
수 9A,9B",상주캠퍼스 제5호관408,생태환경대학,곤충생명과학과,,최성철,
CLTR0608-002,3.00,3,0,결혼준비 교육,*,교양,"화 5B,6A,6B
목 5B,6A,6B",상주캠퍼스 도서관 및 10호관301,생태환경대학,곤충생명과학과,,이진경,채용강사 임용 후 강사변경될 예정
CLTR0032-003,3.00,3,0,일어 I,*,교양,"월 2B,3A,3B
금 1A,1B,2A",상주캠퍼스 도서관 및 10호관404,생태환경대학,관광학과,,채지혜,
CLTR0112-007,3.00,3,0,생활속의통계,1,교양,"금 1A,1B,2A
금 2B,3A,3B",상주캠퍼스 도서관 및 10호관301,생태환경대학,관광학과,,진영미,
CLTR0205-055,3.00,3,0,대학글쓰기,1,교양,"월 7A,7B,8A
수 8B,9A,9B",상주캠퍼스 도서관 및 10호관303,생태환경대학,관광학과,,,
CLTR0476-002,3.00,3,0,일본어 스피치와 프리젠테이션,*,교양,"화 2B,3A,3B
목 1A,1B,2A",상주캠퍼스 도서관 및 10호관305,생태환경대학,관광학과,,이승민,
CLTR0554-003,3.00,3,0,비즈니스 중국어,*,교양,"월 8B,9A,9B
수 7A,7B,8A",상주캠퍼스 제5호관411,생태환경대학,관광학과,,정보선,
CLTR0041-025,3.00,3,0,한국사,1,교양,"화 8B,9A,9B
목 8B,9A,9B",상주캠퍼스 도서관 및 10호관301,생태환경대학,축산학과,,김명진,
CLTR0069-002,3.00,3,0,인간과성,*,교양,"화 2B,3A,3B
목 1A,1B,2A",상주캠퍼스 도서관 및 10호관405,생태환경대학,축산학과,,정숙정,
CLTR0107-003,3.00,3,0,자연과환경,*,교양,"수 7A,7B,8A
수 8B,9A,9B",상주캠퍼스 도서관 및 10호관308,생태환경대학,축산학과,,정맹준,
CLTR0246-012,3.00,3,0,일반생명과학Ⅰ,1,교양,"화 1A,1B,2A
목 2B,3A,3B",상주캠퍼스 도서관 및 10호관305,생태환경대학,축산학과,,도금숙,
CLTR0541-001,3.00,3,0,인간생활과 동물,2,교양,"금 11A,11B
금 12A,12B
금 13A,13B",상주캠퍼스 제6호관123,생태환경대학,축산학과,,이상무,후학습자 전담과정 운영 교과목으로 후학습자 전담과정생만 수강할 수 있습니다.
CLTR0583-002,3.00,3,0,일본대중문화의 이해,*,교양,"화 5B,6A,6B
목 5B,6A,6B",상주캠퍼스 도서관 및 10호관305,생태환경대학,축산학과,,황봉모,
TCHR0522-012,2.00,0,4,학교현장실습,4,교직,,,생태환경대학,축산학과,,이동운,
CLTR0078-005,3.00,3,0,심리학의이해,2,교양,"금 2B,3A,3B
금 4A,4B,5A",상주캠퍼스 도서관 및 10호관405,생태환경대학,말/특수동물학과,,박나영,
CLTR0233-013,1.00,0,2,생물학실험 I,1,교양,"수 6A,6B
수 7A,7B",상주캠퍼스 제5호관408,생태환경대학,말/특수동물학과,,최성철,
CLTR0190-002,3.00,3,0,젠더와 사회,*,교양,"화 7A,7B,8A
목 7A,7B,8A",상주캠퍼스 도서관 및 10호관405,생태환경대학,동물생명공학과,,정숙정,
CLTR0208-005,3.00,3,0,심화글쓰기,4,교양,"화 5B,6A,6B
목 5B,6A,6B",상주캠퍼스 도서관 및 10호관201,생태환경대학,동물생명공학과,,이상인,
CLTR0226-034,1.00,0,2,화학실험 I,1,교양,"화 3A,3B
화 4A,4B",상주캠퍼스 제5호관414,생태환경대학,동물생명공학과,,최한님,
CLTR0226-035,1.00,0,2,화학실험 I,1,교양,"화 5A,5B
화 6A,6B",상주캠퍼스 제5호관414,생태환경대학,동물생명공학과,,정혜영,
CLTR0233-015,1.00,0,2,생물학실험 I,1,교양,"수 1A,1B
수 2A,2B",상주캠퍼스 제5호관408,생태환경대학,동물생명공학과,,최성철,
CLTR0373-009,3.00,2,2,빅데이터 기초 실습,3,교양,"수 6A,6B
수 7A,7B
수 8A,8B
수 9A,9B",상주캠퍼스 도서관 및 10호관401,생태환경대학,동물생명공학과,,최창훈,
CLTR0538-003,3.00,3,0,시사생명과학,2,교양,"화 4A,4B,5A
목 4A,4B,5A",상주캠퍼스 도서관 및 10호관305,생태환경대학,동물생명공학과,,박영식,
CLTR0541-002,3.00,3,0,인간생활과 동물,1,교양,"화 7A,7B,8A
목 7A,7B,8A",상주캠퍼스 제6호관124,생태환경대학,동물생명공학과,,이상무,
CLTR0609-002,3.00,3,0,성격의 재발견,*,교양,"화 1A,1B,2A
목 2B,3A,3B",상주캠퍼스 도서관 및 10호관301,생태환경대학,동물생명공학과,,김숙희,
CLTR0016-008,3.00,3,0,교양한문,2,교양,"월 1A,1B,2A
수 2B,3A,3B",상주캠퍼스 도서관 및 10호관305,생태환경대학,산림생태보호학과,,권정희,
CLTR0016-009,3.00,3,0,교양한문,2,교양,"토 1A,1B,2A
토 2B,3A,3B",상주캠퍼스 제6호관411,생태환경대학,산림생태보호학과,,양승호,
CLTR0041-026,3.00,3,0,한국사,1,교양,"목 11A,11B
목 12A,12B
목 13A,13B",상주캠퍼스 제6호관413,생태환경대학,산림생태보호학과,,김명진,
CLTR0246-013,3.00,3,0,일반생명과학Ⅰ,1,교양,"토 5A,5B
토 6A,6B
토 7A,7B",상주캠퍼스 제6호관413,생태환경대학,산림생태보호학과,,구정숙,
CLTR0823-004,3.00,3,0,생명과학입문,1,교양,"토 1A,1B
토 2A,2B
토 3A,3B",상주캠퍼스 제6호관413,생태환경대학,산림생태보호학과,,구정숙,
CLTR0840-004,3.00,3,0,사회학적 상상력과 현대 사회,*,교양,"화 8B,9A,9B
목 8B,9A,9B",상주캠퍼스 도서관 및 10호관405,생태환경대학,산림생태보호학과,,정숙정,
CLTR0208-004,3.00,3,0,심화글쓰기,4,교양,"화 7A,7B,8A
목 7A,7B,8A",상주캠퍼스 도서관 및 10호관201,생태환경대학,생태환경관광학부,생물응용전공,이동운,
CLTR0041-027,3.00,3,0,한국사,1,교양,"월 8B,9A,9B
수 7A,7B,8A",상주캠퍼스 도서관 및 10호관301,생태환경대학,식물자원학과,,김진한,
CLTR0205-056,3.00,3,0,대학글쓰기,1,교양,"화 1A,1B,2A
목 2B,3A,3B",상주캠퍼스 도서관 및 10호관303,생태환경대학,식물자원학과,,,
CLTR0246-014,3.00,3,0,일반생명과학Ⅰ,1,교양,"화 2B,3A,3B
목 1A,1B,2A",상주캠퍼스 도서관 및 10호관301,생태환경대학,식물자원학과,,도금숙,
CLTR0503-002,3.00,3,0,신화와 상상력,*,교양,"월 7A,7B,8A
수 5B,6A,6B",상주캠퍼스 도서관 및 10호관301,생태환경대학,식물자원학과,,정덕재,
CLTR0813-002,3.00,2,2,빅데이터와 R프로그래밍,1,교양,"목 6A,6B
목 7A,7B
목 8A,8B
목 9A,9B",상주캠퍼스 도서관 및 10호관401,생태환경대학,식물자원학과,,최창훈,
CLTR0041-028,3.00,3,0,한국사,3,교양,"월 1A,1B,2A
수 2B,3A,3B",상주캠퍼스 도서관 및 10호관308,생태환경대학,체육학과,,윤정원,
CLTR0210-026,3.00,3,0,명저읽기와 토론,4,교양,"월 4A,4B,5A
화 5B,6A,6B",상주캠퍼스 도서관 및 10호관201,생태환경대학,체육학과,,이정래,
CLTR0011-004,3.00,3,0,중국어1,*,교양,"화 7A,7B,8A
목 7A,7B,8A",상주캠퍼스 도서관 및 10호관404,생태환경대학,체육학부,체육학전공,정영지,
CLTR0012-002,3.00,3,0,중국어2,*,교양,"화 8B,9A,9B
목 8B,9A,9B",상주캠퍼스 도서관 및 10호관404,생태환경대학,체육학부,체육학전공,우강식,
CLTR0180-005,1.00,0,2,골프,*,교양,"화 1A,1B
화 2A,2B",상주캠퍼스 도서관 및 10호관105-1,생태환경대학,체육학부,체육학전공,황승현,
CLTR0401-002,2.00,1,2,체력 컨디셔닝,*,교양,"목 1A,1B
목 2A,2B
목 3A,3B",상주캠퍼스 제1호관303,생태환경대학,체육학부,건강운동관리전공,박기덕,
CLTR0466-001,3.00,3,0,영화를 통한 스포츠 읽기,*,교양,"화 7A,7B,8A
목 7A,7B,8A",상주캠퍼스 도서관 및 10호관305,생태환경대학,체육학부,체육학전공,이정래,
CLTR0652-006,1.00,0,2,생활테니스,*,교양,"화 5A,5B
화 6A,6B",상주캠퍼스 도서관 및 10호관105-1,생태환경대학,체육학부,체육학전공,황승현,
CLTR0038-003,3.00,3,0,스페인어,*,교양,"화 5B,6A,6B
목 5B,6A,6B",상주캠퍼스 도서관 및 10호관303,과학기술대학,정밀기계공학과,,이혜경,
CLTR0211-041,3.00,3,0,수학 I,1,교양,"화 7A,7B,8A
목 7A,7B,8A",상주캠퍼스 제9호관103,과학기술대학,정밀기계공학과,,,
CLTR0223-027,1.00,0,2,물리학실험 I,1,교양,"수 6A,6B
수 7A,7B",상주캠퍼스 제5호관412,과학기술대학,정밀기계공학과,,박정일,
CLTR0223-028,1.00,0,2,물리학실험 I,1,교양,"수 8A,8B
수 9A,9B",상주캠퍼스 제5호관412,과학기술대학,정밀기계공학과,,박정일,
CLTR0268-005,3.00,2,2,파이선 프로그래밍,1,교양,"월 1A,1B
월 2A,2B
월 3A,3B
월 4A,4B",상주캠퍼스 도서관 및 10호관310,과학기술대학,정밀기계공학과,,김성훈,
CLTR0820-007,3.00,3,0,기초수학1,1,교양,"화 5B,6A,6B
목 5B,6A,6B",상주캠퍼스 제9호관103,과학기술대학,정밀기계공학과,,,
CLTR0017-002,3.00,3,0,실용한자,*,교양,"화 5B,6A,6B
목 5B,6A,6B",상주캠퍼스 도서관 및 10호관308,과학기술대학,자동차공학부,,이혁,
CLTR0033-002,3.00,3,0,일어 II,*,교양,"화 7A,7B,8A
목 7A,7B,8A",상주캠퍼스 제5호관411,과학기술대학,자동차공학부,,황봉모,
CLTR0041-029,3.00,3,0,한국사,1,교양,"화 5B,6A,6B
목 5B,6A,6B",상주캠퍼스 제9호관101,과학기술대학,자동차공학부,,김명진,
CLTR0211-042,3.00,3,0,수학 I,1,교양,"화 2B,3A,3B
목 1A,1B,2A",상주캠퍼스 도서관 및 10호관308,과학기술대학,자동차공학부,,,
CLTR0223-029,1.00,0,2,물리학실험 I,1,교양,"월 6A,6B
월 7A,7B",상주캠퍼스 제5호관412,과학기술대학,자동차공학부,,공대정,
CLTR0223-030,1.00,0,2,물리학실험 I,1,교양,"월 8A,8B
월 9A,9B",상주캠퍼스 제5호관412,과학기술대학,자동차공학부,,공대정,
CLTR0223-031,1.00,0,2,물리학실험 I,1,교양,"월 3A,3B
월 4A,4B",상주캠퍼스 제5호관412,과학기술대학,자동차공학부,,공대정,
CLTR0525-002,3.00,3,0,영국의 역사와 문화,*,교양,"금 5B,6A,6B
금 7A,7B,8A",상주캠퍼스 제9호관101,과학기술대학,자동차공학부,,신혜선,
CLTR0821-003,3.00,3,0,물리학입문,1,교양,"화 8B,9A,9B
목 8B,9A,9B",상주캠퍼스 제5호관411,과학기술대학,자동차공학부,,배홍섭,
CLTR0073-004,3.00,3,0,현대사회와 윤리,*,교양,"금 2B,3A,3B
금 4A,4B,5A",상주캠퍼스 제9호관102,과학기술대학,소프트웨어학과,,지현아,
CLTR0112-009,3.00,3,0,생활속의통계,2,교양,"금 4A,4B,5A
금 5B,6A,6B",상주캠퍼스 제9호관103,과학기술대학,소프트웨어학과,,진영미,
CLTR0195-015,3.00,2,2,C/C++프로그래밍기초,*,교양,"월 1A,1B
월 2A,2B
월 3A,3B
월 4A,4B",상주캠퍼스 도서관 및 10호관401,과학기술대학,소프트웨어학과,,서정훈,
CLTR0205-061,3.00,3,0,대학글쓰기,1,교양,"화 2B,3A,3B
목 1A,1B,2A",상주캠퍼스 도서관 및 10호관303,과학기술대학,소프트웨어학과,,,
CLTR0268-006,3.00,2,2,파이선 프로그래밍,*,교양,"목 5A,5B
목 6A,6B
목 7A,7B
목 8A,8B",상주캠퍼스 도서관 및 10호관310,과학기술대학,소프트웨어학과,,김성훈,
CLTR0373-010,3.00,2,2,빅데이터 기초 실습,*,교양,"월 6A,6B
월 7A,7B
월 8A,8B
월 9A,9B",상주캠퍼스 도서관 및 10호관401,과학기술대학,소프트웨어학과,,최창훈,
CLTR0620-002,3.00,3,0,통일과 남북한 관계의 이해,*,교양,"수 8B,9A,9B
금 8B,9A,9B",상주캠퍼스 도서관 및 10호관404,과학기술대학,소프트웨어학과,,최경용,
CLTR0812-004,3.00,2,2,자연과학 코딩기초,*,교양,"화 6A,6B
화 7A,7B
화 8A,8B
화 9A,9B",상주캠퍼스 도서관 및 10호관401,과학기술대학,소프트웨어학과,,조형주,
CLTR0848-001,3.00,2,2,스마트 기술의 이해와 활용,*,교양,"금 1A,1B
금 2A,2B
금 3A,3B
금 4A,4B",상주캠퍼스 도서관 및 10호관401,과학기술대학,소프트웨어학과,,조형주,
CLTR0024-004,3.00,3,0,독일어1,*,교양,"화 1A,1B,2A
목 2B,3A,3B",상주캠퍼스 도서관 및 10호관404,과학기술대학,식품외식산업학과,,김성희,
CLTR0085-006,3.00,3,0,경영의이해,*,교양,"화 5B,6A,6B
목 5B,6A,6B",상주캠퍼스 제9호관106,과학기술대학,식품외식산업학과,,남장현,
CLTR0094-004,3.00,3,0,문화인류학의이해,1,교양,"월 1A,1B,2A
수 2B,3A,3B",상주캠퍼스 제9호관106,과학기술대학,식품외식산업학과,,정유진,
CLTR0246-015,3.00,3,0,일반생명과학Ⅰ,1,교양,"월 8B,9A,9B
수 7A,7B,8A",상주캠퍼스 제9호관106,과학기술대학,식품외식산업학과,,최찬익,
CLTR0622-002,3.00,3,0,음식문화와 건강,*,교양,"화 8B,9A,9B
목 8B,9A,9B",상주캠퍼스 제9호관106,과학기술대학,식품외식산업학과,,박모라,
CLTR0796-002,3.00,3,0,아시아 도시의 인문 여행,*,교양,"월 8B,9A,9B
수 7A,7B,8A",상주캠퍼스 제9호관103,과학기술대학,식품외식산업학과,,이시활,
CLTR0823-005,3.00,3,0,생명과학입문,1,교양,"금 1A,1B,2A
금 2B,3A,3B",상주캠퍼스 제9호관115,과학기술대학,식품외식산업학과,,최성철,
TCHR0447-001,3.00,3,0,조리교육론,3,교직,"수 7A,7B
수 8A,8B
수 9A,9B",상주캠퍼스 제9호관105,과학기술대학,식품외식산업학과,,이지은,
TCHR0449-001,3.00,3,0,조리논리및논술지도,4,교직,"금 2A,2B
금 3A,3B
금 4A,4B",상주캠퍼스 제9호관105,과학기술대학,식품외식산업학과,,박모라,
CLTR0034-003,3.00,3,0,영어 I,*,교양,"화 5B,6A,6B
목 5B,6A,6B",상주캠퍼스 도서관 및 10호관404,과학기술대학,치위생학과,,손지영,
CLTR0045-028,3.00,3,0,논리와 비판적 사고,1,교양,"수 1A,1B,2A
금 2B,3A,3B",상주캠퍼스 제9호관103,과학기술대학,치위생학과,,,
CLTR0823-006,3.00,3,0,생명과학입문,1,교양,"금 5B,6A,6B
금 7A,7B,8A",상주캠퍼스 제9호관102,과학기술대학,치위생학과,,최성철,
CLTR0041-030,3.00,3,0,한국사,1,교양,"화 1A,1B,2A
목 2B,3A,3B",상주캠퍼스 도서관 및 10호관405,과학기술대학,건설방재공학과,,김명자,
CLTR0205-059,3.00,3,0,대학글쓰기,1,교양,"화 7A,7B,8A
목 7A,7B,8A",상주캠퍼스 도서관 및 10호관303,과학기술대학,건설방재공학과,,,
CLTR0213-034,3.00,3,0,물리학 I,1,교양,"화 2B,3A,3B
목 1A,1B,2A",상주캠퍼스 제9호관102,과학기술대학,건설방재공학과,,박상국,
CLTR0376-002,3.00,3,0,디자인과 크리에이티브,*,교양,"화 5B,6A,6B
목 5B,6A,6B",상주캠퍼스 제9호관102,과학기술대학,건설방재공학과,,곽지영,
CLTR0820-008,3.00,3,0,기초수학1,1,교양,"화 8B,9A,9B
목 8B,9A,9B",상주캠퍼스 제9호관103,과학기술대학,건설방재공학과,,,
CLTR0042-004,3.00,3,0,동양의역사와문화,*,교양,"수 5B,6A,6B
수 7A,7B,8A",상주캠퍼스 제9호관103,과학기술대학,나노신소재공학과,,홍성구,
CLTR0045-029,3.00,3,0,논리와 비판적 사고,1,교양,"월 2B,3A,3B
금 1A,1B,2A",상주캠퍼스 도서관 및 10호관305,과학기술대학,나노신소재공학과,,,
CLTR0213-036,3.00,3,0,물리학 I,1,교양,"화 2B,3A,3B
목 1A,1B,2A",상주캠퍼스 제9호관103,과학기술대학,나노신소재공학과,,이형철,
CLTR0223-033,1.00,0,2,물리학실험 I,1,교양,"수 1A,1B
수 2A,2B",상주캠퍼스 제5호관412,과학기술대학,나노신소재공학과,,배홍섭,
CLTR0223-034,1.00,0,2,물리학실험 I,1,교양,"수 3A,3B
수 4A,4B",상주캠퍼스 제5호관412,과학기술대학,나노신소재공학과,,박정일,
CLTR0515-004,3.00,3,0,과학기술과 윤리,1,교양,"월 7A,7B,8A
수 5B,6A,6B",상주캠퍼스 제9호관102,과학기술대학,나노신소재공학과,,,
CLTR0820-010,3.00,3,0,기초수학1,1,교양,"월 8B,9A,9B
수 7A,7B,8A",상주캠퍼스 제9호관101,과학기술대학,나노신소재공학과,,,
CLTR0043-009,3.00,3,0,서양의역사와문화,*,교양,"화 1A,1B,2A
목 2B,3A,3B",상주캠퍼스 제9호관102,과학기술대학,섬유패션디자인학부,패션디자인전공,강미경,
CLTR0185-003,3.00,3,0,인간과주거문화,3,교양,"수 1A,1B,2A
금 2B,3A,3B",상주캠퍼스 제9호관115,과학기술대학,섬유패션디자인학부,패션디자인전공,윤혜경,
CLTR0205-057,3.00,3,0,대학글쓰기,1,교양,"화 1A,1B,2A
목 2B,3A,3B",상주캠퍼스 도서관 및 10호관211,과학기술대학,섬유패션디자인학부,패션디자인전공,,
CLTR0205-058,3.00,3,0,대학글쓰기,1,교양,"화 2B,3A,3B
목 1A,1B,2A",상주캠퍼스 도서관 및 10호관211,과학기술대학,섬유패션디자인학부,패션디자인전공,,
CLTR0215-032,3.00,3,0,화학 I,1,교양,"월 7A,7B,8A
수 5B,6A,6B",상주캠퍼스 도서관 및 10호관405,과학기술대학,섬유패션디자인학부,섬유공학전공,최용화,
CLTR0515-003,3.00,3,0,과학기술과 윤리,1,교양,"월 5B,6A,6B
금 5B,6A,6B",상주캠퍼스 제9호관115,과학기술대학,섬유패션디자인학부,섬유공학전공,,
CLTR0641-001,3.00,3,0,영화와 패션철학,*,교양,"화 1A,1B,2A
목 2B,3A,3B",상주캠퍼스 제9호관103,과학기술대학,섬유패션디자인학부,패션디자인전공,김남희,
CLTR0642-001,3.00,3,0,현대디자인사,*,교양,"화 2B,3A,3B
목 1A,1B,2A",상주캠퍼스 제9호관106,과학기술대학,섬유패션디자인학부,패션디자인전공,김남희,
CLTR0811-006,3.00,2,2,인문사회 코딩기초,2,교양,"화 1A,1B
화 2A,2B
화 3A,3B
화 4A,4B",상주캠퍼스 도서관 및 10호관401,과학기술대학,섬유패션디자인학부,패션디자인전공,조형주,
TCHR0522-013,2.00,0,4,학교현장실습,4,교직,,,과학기술대학,섬유패션디자인학부,패션디자인전공,오세욱,
TCHR0540-001,3.00,3,0,의상교과교육론,4,교직,"목 1A,1B
목 2A,2B
목 3A,3B",상주캠퍼스 제9호관318,과학기술대학,섬유패션디자인학부,패션디자인전공,송정아,
CLTR0053-002,3.00,3,0,한국의문학과영화,*,교양,"화 7A,7B,8A
목 7A,7B,8A",상주캠퍼스 제9호관102,과학기술대학,스마트플랜트공학과,,김동현,
CLTR0205-062,3.00,3,0,대학글쓰기,2,교양,"월 2B,3A,3B
금 1A,1B,2A",상주캠퍼스 도서관 및 10호관303,과학기술대학,스마트플랜트공학과,,,
CLTR0211-043,3.00,3,0,수학 I,1,교양,"화 1A,1B,2A
목 2B,3A,3B",상주캠퍼스 제9호관101,과학기술대학,스마트플랜트공학과,,,
CLTR0213-035,3.00,3,0,물리학 I,1,교양,"월 8B,9A,9B
수 7A,7B,8A",상주캠퍼스 도서관 및 10호관405,과학기술대학,스마트플랜트공학과,,배홍섭,
CLTR0820-009,3.00,3,0,기초수학1,1,교양,"월 7A,7B,8A
수 5B,6A,6B",상주캠퍼스 제9호관101,과학기술대학,스마트플랜트공학과,,,
CLTR0223-035,1.00,0,2,물리학실험 I,1,교양,"목 3A,3B
목 4A,4B",상주캠퍼스 제5호관412,과학기술대학,에너지화학공학과,,박상국,
CLTR0223-036,1.00,0,2,물리학실험 I,1,교양,"목 6A,6B
목 7A,7B",상주캠퍼스 제5호관412,과학기술대학,에너지화학공학과,,배홍섭,
CLTR0662-001,3.00,3,0,현대사회와 인간관계,*,교양,"금 5B,6A,6B
금 7A,7B,8A",상주캠퍼스 도서관 및 10호관308,과학기술대학,에너지화학공학과,,이위환,
CLTR0022-003,3.00,3,0,프랑스어1,*,교양,"월 1A,1B,2A
수 2B,3A,3B",상주캠퍼스 도서관 및 10호관404,과학기술대학,위치정보시스템학과,,정덕재,
CLTR0185-004,3.00,3,0,인간과주거문화,*,교양,"월 2B,3A,3B
금 1A,1B,2A",상주캠퍼스 제9호관101,과학기술대학,위치정보시스템학과,,윤혜경,
CLTR0223-032,1.00,0,2,물리학실험 I,1,교양,"월 1A,1B
월 2A,2B",상주캠퍼스 제5호관412,과학기술대학,위치정보시스템학과,,배홍섭,
CLTR0501-003,3.00,3,0,한국의 언어와 문학,1,교양,"화 7A,7B,8A
목 7A,7B,8A",상주캠퍼스 도서관 및 10호관308,과학기술대학,위치정보시스템학과,,이철희,
CLTR0205-060,3.00,3,0,대학글쓰기,1,교양,"월 8B,9A,9B
수 7A,7B,8A",상주캠퍼스 도서관 및 10호관303,과학기술대학,환경안전공학과,,,
CLTR0508-004,3.00,3,0,인간과 언어,*,교양,"화 8B,9A,9B
목 8B,9A,9B",상주캠퍼스 제9호관102,과학기술대학,환경안전공학과,,임수영,
CLTR0822-007,3.00,3,0,화학입문,1,교양,"수 4A,4B,5A
수 5B,6A,6B",상주캠퍼스 도서관 및 10호관308,과학기술대학,환경안전공학과,,정맹준,
TCHR0528-001,2.00,2,0,특수교육학개론,*,교직,"금 3A,3B
금 4A,4B",상주캠퍼스 도서관 및 10호관201,교육연수원,교육연수원,,박은실,
TCHR0552-001,2.00,0,60,교육봉사활동 2,,교직,,,교육연수원,교육연수원,,홍성구,
TCHR0604-001,2.00,2,0,교육방법및교육공학,*,교직,"월 5A,5B
월 6A,6B",상주캠퍼스 도서관 및 10호관105-1,교육연수원,교육연수원,,박은실,
TCHR0607-001,2.00,2,0,교육심리,*,교직,"수 3A,3B
수 4A,4B",상주캠퍼스 도서관 및 10호관201,교육연수원,교육연수원,,,공채 예정
TCHR0610-001,2.00,2,0,교육평가,*,교직,"월 2A,2B
월 3A,3B",상주캠퍼스 도서관 및 10호관201,교육연수원,교육연수원,,,당당교수 공채예정
TCHR0611-001,2.00,2,0,교육학개론,*,교직,"목 7A,7B
목 8A,8B",상주캠퍼스 도서관 및 10호관105-1,교육연수원,교육연수원,,김경식,
CLTR0411-041,2.00,2,0,실용영어1,*,교양,"월 1A,1B
수 3A,3B",산격동 캠퍼스  외국어교육관404,교육혁신본부,교양교육센터,,워커 퀸,
CLTR0411-042,2.00,2,0,실용영어1,*,교양,"월 1A,1B
수 3A,3B",산격동 캠퍼스  외국어교육관423,교육혁신본부,교양교육센터,,"하이랜드,크리스",
CLTR0411-043,2.00,2,0,실용영어1,*,교양,"화 8A,8B
목 8A,8B",산격동 캠퍼스  외국어교육관407,교육혁신본부,교양교육센터,,,신임 외국인 강의초빙교수 담당 예정
CLTR0411-044,2.00,2,0,실용영어1,*,교양,"월 6A,6B
금 6A,6B",산격동 캠퍼스  외국어교육관423,교육혁신본부,교양교육센터,,"하이랜드,크리스",
CLTR0411-045,2.00,2,0,실용영어1,*,교양,"수 1A,1B
금 3A,3B",산격동 캠퍼스  외국어교육관407,교육혁신본부,교양교육센터,,,신임 외국인 강의초빙교수 담당 예정
CLTR0411-046,2.00,2,0,실용영어1,*,교양,"화 1A,1B
목 3A,3B",산격동 캠퍼스  외국어교육관404,교육혁신본부,교양교육센터,,워커 퀸,
CLTR0411-047,2.00,2,0,실용영어1,*,교양,"화 1A,1B
목 3A,3B",산격동 캠퍼스  외국어교육관419,교육혁신본부,교양교육센터,,"위드로우, 애덤 크리스토퍼",
CLTR0411-048,2.00,2,0,실용영어1,*,교양,"화 9A,9B
목 9A,9B",산격동 캠퍼스  외국어교육관407,교육혁신본부,교양교육센터,,,신임 외국인 강의초빙교수 담당 예정
CLTR0411-049,2.00,2,0,실용영어1,*,교양,"화 3A,3B
목 1A,1B",산격동 캠퍼스  외국어교육관407,교육혁신본부,교양교육센터,,,신임 외국인 강의초빙교수 담당 예정
CLTR0411-050,2.00,2,0,실용영어1,*,교양,"화 7A,7B
목 7A,7B",산격동 캠퍼스  외국어교육관407,교육혁신본부,교양교육센터,,,신임 외국인 강의초빙교수 담당 예정
CLTR0411-051,2.00,2,0,실용영어1,*,교양,"화 5A,5B
목 5A,5B",산격동 캠퍼스  외국어교육관407,교육혁신본부,교양교육센터,,,신임 외국인 강의초빙교수 담당 예정
CLTR0411-052,2.00,2,0,실용영어1,*,교양,"수 6A,6B
금 5A,5B",산격동 캠퍼스  외국어교육관425,교육혁신본부,교양교육센터,,"피어슨, 브랜든",
CLTR0411-053,2.00,2,0,실용영어1,*,교양,"수 6A,6B
금 5A,5B",산격동 캠퍼스  외국어교육관407,교육혁신본부,교양교육센터,,,신임 외국인 강의초빙교수 담당 예정
CLTR0411-054,2.00,2,0,실용영어1,*,교양,"화 2A,2B
목 2A,2B",산격동 캠퍼스  외국어교육관402,교육혁신본부,교양교육센터,,"빌즈, 그라함 해롤드",
CLTR0411-055,2.00,2,0,실용영어1,*,교양,"화 2A,2B
목 2A,2B",산격동 캠퍼스  외국어교육관407,교육혁신본부,교양교육센터,,,신임 외국인 강의초빙교수 담당 예정
CLTR0411-056,2.00,2,0,실용영어1,*,교양,"월 7A,7B
금 7A,7B",산격동 캠퍼스  외국어교육관425,교육혁신본부,교양교육센터,,"피어슨, 브랜든",
CLTR0411-057,2.00,2,0,실용영어1,*,교양,"수 3A,3B
금 1A,1B",산격동 캠퍼스  외국어교육관407,교육혁신본부,교양교육센터,,,신임 외국인 강의초빙교수 담당 예정
CLTR0412-005,2.00,2,0,실용영어2,*,교양,"월 1A,1B
수 3A,3B",산격동 캠퍼스  외국어교육관419,교육혁신본부,교양교육센터,,"위드로우, 애덤 크리스토퍼",
CLTR0412-006,2.00,2,0,실용영어2,*,교양,"화 2A,2B
목 2A,2B",산격동 캠퍼스  외국어교육관419,교육혁신본부,교양교육센터,,"위드로우, 애덤 크리스토퍼",
CLTR0412-007,2.00,2,0,실용영어2,*,교양,"월 6A,6B
금 6A,6B",산격동 캠퍼스  외국어교육관425,교육혁신본부,교양교육센터,,"피어슨, 브랜든",
CLTR0412-008,2.00,2,0,실용영어2,*,교양,"월 7A,7B
금 7A,7B",산격동 캠퍼스  외국어교육관423,교육혁신본부,교양교육센터,,"하이랜드,크리스",
CLTR0412-009,2.00,2,0,실용영어2,*,교양,"화 1A,1B
목 3A,3B",산격동 캠퍼스  외국어교육관406,교육혁신본부,교양교육센터,,"쿡,콜린 제임스",
CLTR0412-010,2.00,2,0,실용영어2,*,교양,"화 3A,3B
목 1A,1B",산격동 캠퍼스  외국어교육관406,교육혁신본부,교양교육센터,,"쿡,콜린 제임스",
CLTR0413-001,2.00,2,0,비즈니스영어,*,교양,"화 1A,1B
목 3A,3B",산격동 캠퍼스  외국어교육관421,교육혁신본부,교양교육센터,,"드니아,토비",
CLTR0413-002,2.00,2,0,비즈니스영어,*,교양,"화 2A,2B
목 2A,2B",산격동 캠퍼스  외국어교육관421,교육혁신본부,교양교육센터,,"드니아,토비",
CLTR0499-001,2.00,2,0,Discussions in English,*,교양,"화 1A,1B
목 3A,3B",산격동 캠퍼스  외국어교육관402,교육혁신본부,교양교육센터,,"빌즈, 그라함 해롤드",
FUTR0214-001,3.00,3,0,창업과 경영,*,일반선택,"화 5B,6A,6B
목 5B,6A,6B",산격동 캠퍼스  정보전산원(전자계산소)117-1,연구산학처,연구산학처,,박주홍,
FUTR0215-001,3.00,3,0,사회적기업 창업,*,일반선택,"화 1A,1B,2A
목 2B,3A,3B",산격동 캠퍼스  정보전산원(전자계산소)117-2,연구산학처,연구산학처,,,신규임용예정
FUTR0216-001,3.00,3,0,혼자 준비하는 창업실무,*,일반선택,"화 7A,7B,8A
목 7A,7B,8A",산격동 캠퍼스  정보전산원(전자계산소)117-2,연구산학처,연구산학처,,김보라,
FUTR0217-001,3.00,2,2,창업가 정신,*,일반선택,"수 1A,1B
수 2A,2B
수 3A,3B
수 4A,4B",산격동 캠퍼스  KNU글로벌프라자302,연구산학처,연구산학처,,심연미,
FUTR0217-002,3.00,2,2,창업가 정신,*,일반선택,"화 1A,1B
화 2A,2B
화 3A,3B
화 4A,4B",산격동 캠퍼스  KNU글로벌프라자302,연구산학처,연구산학처,,정종철,
FUTR0218-001,3.00,2,2,글로벌창업실습개론,*,일반선택,"목 1A,1B
목 2A,2B
목 3A,3B
목 4A,4B",산격동 캠퍼스  KNU글로벌프라자302,연구산학처,연구산학처,,이강용,
FUTR0219-001,3.00,2,2,창조성개발과 혁신창업,*,일반선택,"월 1A,1B
월 2A,2B
월 3A,3B
월 4A,4B",산격동 캠퍼스  정보전산원(전자계산소)117-1,연구산학처,연구산학처,,박기택,
FUTR0220-001,3.00,3,0,소셜미디어와 창업전략,*,일반선택,"화 8B,9A,9B
목 8B,9A,9B",산격동 캠퍼스  정보전산원(전자계산소)117-2,연구산학처,연구산학처,,김보라,
FUTR0221-001,3.00,3,0,창업과 지식재산권,*,일반선택,"화 5B,6A,6B
목 5B,6A,6B",산격동 캠퍼스  정보전산원(전자계산소)117-2,연구산학처,연구산학처,,김은수,
FUTR0222-001,3.00,2,2,3D콘텐츠산업과 창업,*,일반선택,"화 1A,1B
화 2A,2B
화 3A,3B
화 4A,4B",산격동 캠퍼스  정보전산원(전자계산소)117-1,연구산학처,연구산학처,,이일용,
FUTR0222-002,3.00,2,2,3D콘텐츠산업과 창업,*,일반선택,"목 1A,1B
목 2A,2B
목 3A,3B
목 4A,4B",산격동 캠퍼스  정보전산원(전자계산소)117-1,연구산학처,연구산학처,,이일용,
FUTR0226-001,3.00,3,0,나의 첫 사업제안서,*,일반선택,"화 5B,6A,6B
목 5B,6A,6B",산격동 캠퍼스  KNU글로벌프라자302,연구산학처,연구산학처,,박춘욱,
FUTR0226-002,3.00,3,0,나의 첫 사업제안서,*,일반선택,"화 7A,7B,8A
목 7A,7B,8A",산격동 캠퍼스  정보전산원(전자계산소)117-1,연구산학처,연구산학처,,박효정,
FUTR0226-003,3.00,3,0,나의 첫 사업제안서,*,일반선택,"화 8B,9A,9B
목 8B,9A,9B",산격동 캠퍼스  정보전산원(전자계산소)117-1,연구산학처,연구산학처,,박효정,
FUTR0229-001,3.00,2,2,쉽게 배우는 창업캡스톤디자인,*,일반선택,"월 6A,6B
월 7A,7B
월 8A,8B
월 9A,9B",산격동 캠퍼스  융합학부(테크노빌딩)110,연구산학처,연구산학처,,정병성,
FUTR0230-001,3.00,2,2,디자인씽킹과 창업기초,*,일반선택,"월 6A,6B
월 7A,7B
월 8A,8B
월 9A,9B",산격동 캠퍼스  정보전산원(전자계산소)117-1,연구산학처,연구산학처,,박기택,
FUTR0231-001,3.00,2,2,알기쉬운 창업마케팅과 스피치,*,일반선택,"월 6A,6B
월 7A,7B
월 8A,8B
월 9A,9B",산격동 캠퍼스  KNU글로벌프라자302,연구산학처,연구산학처,,최란,
FUTR0233-001,3.00,2,2,브랜드 전략과 이커머스 창업,*,일반선택,"수 1A,1B
수 2A,2B
수 3A,3B
수 4A,4B",산격동 캠퍼스  정보전산원(전자계산소)117-2,연구산학처,연구산학처,,정지희,
FUTR0233-002,3.00,2,2,브랜드 전략과 이커머스 창업,*,일반선택,"수 6A,6B
수 7A,7B
수 8A,8B
수 9A,9B",산격동 캠퍼스  정보전산원(전자계산소)117-2,연구산학처,연구산학처,,정지희,
FUTR0238-001,3.00,2,2,섬유소재 및 패션 창업기초,*,일반선택,"월 6A,6B
월 7A,7B
월 8A,8B
월 9A,9B",산격동 캠퍼스  정보전산원(전자계산소)117-2,연구산학처,연구산학처,,,신규강사채용
FUTR0239-001,3.00,3,0,창업아이디어와 비즈니스모델 개발,*,일반선택,"화 2B,3A,3B
목 1A,1B,2A",산격동 캠퍼스  정보전산원(전자계산소)117-2,연구산학처,연구산학처,,,신규강사채용
STUP0301-001,3.00,0,6,창업준비실습,*,일반선택,,,연구산학처,연구산학처,,박춘욱,
STUP0303-001,3.00,0,6,창업활동실습1,*,일반선택,,,연구산학처,연구산학처,,박춘욱,
STUP0304-001,3.00,0,6,창업활동실습2,*,일반선택,,,연구산학처,연구산학처,,박춘욱,
STUP0311-001,18.00,0,15,창업현장실습,*,일반선택,,,연구산학처,연구산학처,,박춘욱,
STUP0701-001,3.00,0,6,창업준비실습의 이해,,일반선택,,,연구산학처,연구산학처,,박춘욱,
STUP0702-001,3.00,0,6,창업활동실습의 이해,,일반선택,,,연구산학처,연구산학처,,박춘욱,
CLTR0342-001,3.00,3,0,Korean Language Ⅳ,*,교양,"월 2B,3A,3B
금 1A,1B,2A",,국제교류처,국제교류처,,,
CLTR0343-001,3.00,3,0,Korean Language Ⅴ,*,교양,"수 1A,1B,2A
금 2B,3A,3B",,국제교류처,국제교류처,,,
CLTR0344-001,3.00,3,0,Korean Language Ⅵ,*,교양,"수 8B,9A,9B
금 8B,9A,9B",,국제교류처,국제교류처,,,
CLTR0348-002,3.00,3,0,Cultural Life in Korea,*,교양,"수 8B,9A,9B
금 8B,9A,9B",산격동 캠퍼스  제4합동강의동511,국제교류처,국제교류처,,,
CLTR0353-001,3.00,3,0,Practical Korean Writing,*,교양,"월 1A,1B,2A
수 2B,3A,3B",산격동 캠퍼스  KNU글로벌프라자301,국제교류처,국제교류처,,이갑진,
CLTR0353-002,3.00,3,0,Practical Korean Writing,*,교양,"월 2B,3A,3B
금 1A,1B,2A",산격동 캠퍼스  KNU글로벌프라자301,국제교류처,국제교류처,,이갑진,
OVIN0201-001,6.00,0,8,해외인턴1,*,일반선택,,,국제교류처,국제교류처,,최열,
OVIN0202-001,18.00,0,24,해외인턴2,*,일반선택,,,국제교류처,국제교류처,,최열,
OVIN0204-001,18.00,0,24,*해외인턴3-1,*,일반선택,,,국제교류처,국제교류처,,최열,
OVIN0206-001,12.00,0,16,해외인턴4,*,일반선택,,,국제교류처,국제교류처,,최열,
OVIN0207-001,3.00,0,4,해외인턴5,*,일반선택,,,국제교류처,국제교류처,,최열,
SELC0211-001,3.00,0,4,해외어학연수1,*,일반선택,,,국제교류처,국제교류처,,최열,
SELC0212-001,9.00,0,12,해외어학연수2,*,일반선택,,,국제교류처,국제교류처,,최열,
CLTR0090-001,3.00,3,0,현대사회와법,*,교양,"월 7A,7B,8A
금 7A,7B,8A",산격동 캠퍼스  법학전문대학원301,경북대학교(총괄),대학,,정형진,
CLTR0090-002,3.00,3,0,현대사회와법,*,교양,"화 1A,1B,2A
목 2B,3A,3B",산격동 캠퍼스  법학전문대학원301,경북대학교(총괄),대학,,김민서,
CLTR0752-001,3.00,3,0,민법학의 기초,*,교양,"화 2B,3A,3B
목 1A,1B,2A",산격동 캠퍼스  법학전문대학원301,경북대학교(총괄),대학,,이은정,
CLTR0753-001,3.00,3,0,노동법의 이해,*,교양,"월 8B,9A,9B
수 7A,7B,8A",산격동 캠퍼스  법학전문대학원301,경북대학교(총괄),대학,,이달휴,
SELC0201-001,3.00,2,2,안보학,3,일반선택,"화 0A,0B
화 1A,1B
금 0A,0B
금 1A,1B",산격동 캠퍼스  학군단309,경북대학교(총괄),대학,,이창헌,대구캠퍼스 3학년
SELC0201-002,3.00,2,2,안보학,3,일반선택,"월 0A,0B
월 1A,1B
수 3A,3B
수 4A,4B",상주캠퍼스 제1호관310,경북대학교(총괄),대학,,신순철,상주캠퍼스 3학년
SELC0203-001,3.00,2,2,조직리더십,4,일반선택,"화 0A,0B
화 1A,1B
금 0A,0B
금 1A,1B",산격동 캠퍼스  학군단208,경북대학교(총괄),대학,,김응주,대구캠퍼스 4학년
SELC0203-002,3.00,2,2,조직리더십,4,일반선택,"월 2A,2B
월 3A,3B
수 0A,0B
수 1A,1B",상주캠퍼스 제1호관311,경북대학교(총괄),대학,,전성철,상주캠퍼스 4학년
CLTR0267-001,3.00,2,2,웹 프로그래밍 기초,*,교양,"월 1A,1B
월 2A,2B
월 3A,3B
월 4A,4B",산격동 캠퍼스  종합정보센터202,소프트웨어교육원,소프트웨어교육원,,권동희,
CLTR0268-004,3.00,2,2,파이선 프로그래밍,*,교양,"월 5A,5B
월 6A,6B
월 7A,7B
월 8A,8B",,소프트웨어교육원,소프트웨어교육원,,,
CLTR0372-001,3.00,3,0,인공지능의 이해,*,교양,"화 1A,1B,2A
목 2B,3A,3B",산격동 캠퍼스  IT대학5호관(IT융복합관)251,소프트웨어교육원,소프트웨어교육원,,조규철,
CLTR0372-002,3.00,3,0,인공지능의 이해,*,교양,"월 1A,1B,2A
월 2B,3A,3B",산격동 캠퍼스  IT대학5호관(IT융복합관)251,소프트웨어교육원,소프트웨어교육원,,김학영,
CLTR0372-003,3.00,3,0,인공지능의 이해,*,교양,"화 5B,6A,6B
목 5B,6A,6B",산격동 캠퍼스  IT대학5호관(IT융복합관)251,소프트웨어교육원,소프트웨어교육원,,조규철,
CLTR0372-004,3.00,3,0,인공지능의 이해,*,교양,"금 1A,1B,2A
금 2B,3A,3B",산격동 캠퍼스  IT대학5호관(IT융복합관)251,소프트웨어교육원,소프트웨어교육원,,김사중,
CLTR0372-005,3.00,3,0,인공지능의 이해,*,교양,"월 5A,5B
월 6A,6B
월 7A,7B",산격동 캠퍼스  IT대학5호관(IT융복합관)251,소프트웨어교육원,소프트웨어교육원,,김학영,
CLTR0372-006,3.00,3,0,인공지능의 이해,*,교양,"금 5A,5B
금 6A,6B
금 7A,7B",산격동 캠퍼스  IT대학5호관(IT융복합관)251,소프트웨어교육원,소프트웨어교육원,,김사중,
CLTR0373-004,3.00,2,2,빅데이터 기초 실습,*,교양,"금 1A,1B
금 2A,2B
금 3A,3B
금 4A,4B",산격동 캠퍼스  종합정보센터201,소프트웨어교육원,소프트웨어교육원,,안현숙,
CLTR0373-005,3.00,2,2,빅데이터 기초 실습,*,교양,"화 5A,5B
화 6A,6B
화 7A,7B
화 8A,8B",산격동 캠퍼스  종합정보센터201,소프트웨어교육원,소프트웨어교육원,,권양희,
CLTR0373-006,3.00,2,2,빅데이터 기초 실습,*,교양,"목 1A,1B
목 2A,2B
목 3A,3B
목 4A,4B",산격동 캠퍼스  종합정보센터304,소프트웨어교육원,소프트웨어교육원,,조현숙,
CLTR0373-007,3.00,2,2,빅데이터 기초 실습,*,교양,"월 5A,5B
월 6A,6B
월 7A,7B
월 8A,8B",,소프트웨어교육원,소프트웨어교육원,,,
CLTR0794-002,3.00,3,0,오픈소스 소프트웨어 기초,*,교양,"화 2B,3A,3B
목 1A,1B,2A",,소프트웨어교육원,소프트웨어교육원,,,
CLTR0811-004,3.00,2,2,인문사회 코딩기초,*,교양,"월 1A,1B
월 2A,2B
월 3A,3B
월 4A,4B",,소프트웨어교육원,소프트웨어교육원,,,
CLTR0811-005,3.00,2,2,인문사회 코딩기초,*,교양,"목 1A,1B
목 2A,2B
목 3A,3B
목 4A,4B",,소프트웨어교육원,소프트웨어교육원,,,
CLTR0812-002,3.00,2,2,자연과학 코딩기초,*,교양,"금 1A,1B
금 2A,2B
금 3A,3B
금 4A,4B",산격동 캠퍼스  종합정보센터304,소프트웨어교육원,소프트웨어교육원,,류춘하,
CLTR0812-003,3.00,2,2,자연과학 코딩기초,*,교양,"목 5A,5B
목 6A,6B
목 7A,7B
목 8A,8B",,소프트웨어교육원,소프트웨어교육원,,,
CLTR0045-027,3.00,3,0,논리와 비판적 사고,1,교양,"수 8B,9A,9B
금 8B,9A,9B",산격동 캠퍼스  복현회관307,첨단기술융합대학,스마트모빌리티공학과,,,
CLTR0195-013,3.00,2,2,C/C++프로그래밍기초,1,교양,"화 5A,5B
화 6A,6B
화 7A,7B
화 8A,8B",산격동 캠퍼스  종합정보센터202,첨단기술융합대학,스마트모빌리티공학과,,강보영,
CLTR0195-014,3.00,2,2,C/C++프로그래밍기초,1,교양,"화 5A,5B
화 6A,6B
화 7A,7B
화 8A,8B",산격동 캠퍼스  복현회관206,첨단기술융합대학,스마트모빌리티공학과,,,
CLTR0211-040,3.00,3,0,수학 I,1,교양,"화 2B,3A,3B
목 1A,1B,2A",산격동 캠퍼스  복현회관308,첨단기술융합대학,스마트모빌리티공학과,,,
CLTR0213-032,3.00,3,0,물리학 I,1,교양,"월 8B,9A,9B
수 7A,7B,8A",산격동 캠퍼스  복현회관308,첨단기술융합대학,스마트모빌리티공학과,,변지수,
CLTR0215-031,3.00,3,0,화학 I,1,교양,"월 1A,1B,2A
수 2B,3A,3B",산격동 캠퍼스  복현회관308,첨단기술융합대학,스마트모빌리티공학과,,김은희,
CLTR0034-002,3.00,3,0,영어 I,1,교양,"화 2B,3A,3B
목 1A,1B,2A",산격동 캠퍼스  복현회관307,첨단기술융합대학,우주공학부,,강수진,
CLTR0195-008,3.00,2,2,C/C++프로그래밍기초,1,교양,"월 5A,5B
월 6A,6B
월 7A,7B
월 8A,8B",산격동 캠퍼스  종합정보센터201,첨단기술융합대학,우주공학부,,,
CLTR0195-009,3.00,2,2,C/C++프로그래밍기초,1,교양,"월 5A,5B
월 6A,6B
월 7A,7B
월 8A,8B",산격동 캠퍼스  종합정보센터202,첨단기술융합대학,우주공학부,,,
CLTR0211-021,3.00,3,0,수학 I,1,교양,"수 1A,1B,2A
금 2B,3A,3B",산격동 캠퍼스  복현회관307,첨단기술융합대학,우주공학부,,,
CLTR0205-051,3.00,3,0,대학글쓰기,1,교양,"월 1A,1B,2A
수 2B,3A,3B",산격동 캠퍼스  복현회관207,첨단기술융합대학,혁신신약학과,,,
CLTR0205-052,3.00,3,0,대학글쓰기,1,교양,"월 1A,1B,2A
수 2B,3A,3B",산격동 캠퍼스  복현회관208,첨단기술융합대학,혁신신약학과,,,
CLTR0215-030,3.00,3,0,화학 I,1,교양,"수 8B,9A,9B
금 8B,9A,9B",산격동 캠퍼스  복현회관308,첨단기술융합대학,혁신신약학과,,김동일,
CLTR0226-032,1.00,0,2,화학실험 I,1,교양,"화 3A,3B
화 4A,4B",산격동 캠퍼스  화학관118,첨단기술융합대학,혁신신약학과,,이홍인,
CLTR0226-033,1.00,0,2,화학실험 I,1,교양,"화 3A,3B
화 4A,4B",산격동 캠퍼스  화학관119,첨단기술융합대학,혁신신약학과,,이혜진,
CLTR0233-010,1.00,0,2,생물학실험 I,1,교양,"월 5A,5B
월 6A,6B",산격동 캠퍼스  생물학관202,첨단기술융합대학,혁신신약학과,,이영미,
CLTR0233-011,1.00,0,2,생물학실험 I,1,교양,"월 7A,7B
월 8A,8B",산격동 캠퍼스  생물학관202,첨단기술융합대학,혁신신약학과,,이영미,
CLTR0246-011,3.00,3,0,일반생명과학Ⅰ,1,교양,"화 1A,1B,2A
목 2B,3A,3B",산격동 캠퍼스  복현회관308,첨단기술융합대학,혁신신약학과,,신선영,
CLTR0819-006,3.00,3,0,기초수학2,1,교양,"화 5B,6A,6B
목 5B,6A,6B",산격동 캠퍼스  복현회관308,첨단기술융합대학,혁신신약학과,,,
FUTR0203-001,2.00,2,0,취업 실전전략,*,일반선택,"월 1A,1B
월 2A,2B",산격동 캠퍼스  복지관A403-12,학생처,진로취업과,,진서현,
FUTR0203-002,2.00,2,0,취업 실전전략,*,일반선택,"월 3A,3B
월 4A,4B",산격동 캠퍼스  복지관A403-12,학생처,진로취업과,,진서현,
FUTR0203-003,2.00,2,0,취업 실전전략,*,일반선택,"월 7A,7B
월 8A,8B",상주캠퍼스 제9호관115,학생처,진로취업과,,진서현,
FUTR0206-001,2.00,2,0,직업역량 개발,*,일반선택,"목 6A,6B
목 7A,7B",산격동 캠퍼스  복지관A403-12,학생처,진로취업과,,김성용,
FUTR0206-002,2.00,2,0,직업역량 개발,*,일반선택,"목 8A,8B
목 9A,9B",산격동 캠퍼스  복지관A403-12,학생처,진로취업과,,김성용,
FUTR0206-003,2.00,2,0,직업역량 개발,*,일반선택,"목 2A,2B
목 3A,3B",상주캠퍼스 제9호관115,학생처,진로취업과,,김성용,
FUTR0236-001,2.00,2,0,취업과 진로탐색,*,일반선택,"화 1A,1B
화 2A,2B",산격동 캠퍼스  복지관A403-12,학생처,진로취업과,,김신정,
FUTR0236-002,2.00,2,0,취업과 진로탐색,*,일반선택,"화 3A,3B
화 4A,4B",산격동 캠퍼스  복지관A403-12,학생처,진로취업과,,김신정,
FUTR0236-003,2.00,2,0,취업과 진로탐색,*,일반선택,"화 7A,7B
화 8A,8B",상주캠퍼스 제9호관115,학생처,진로취업과,,김신정,
FUTR0237-001,3.00,3,0,알면 좋은 우리지역 혁신 중견기업,*,일반선택,"수 7A,7B,8A
수 8B,9A,9B",산격동 캠퍼스  제4합동강의동108,학생처,진로취업과,,서창교,
